Dataset,Split,Axis,Coverage,n_kept,mean_axis_score_kept,V2_R@1,V2_risk,rho,candidate_pool,uncertainty_k,mean_alpha_full,mean_SU_full,mean_LU_full
AmsterTime,full,SU,0.05,62,0.39173370599746704,93.54838709677419,6.451612903225808,3.0,10,10,0.7169834971427917,0.7286254167556763,0.901530385017395
AmsterTime,full,SU,0.1,124,0.4359365701675415,92.74193548387096,7.258064516129039,3.0,10,10,0.7169834971427917,0.7286254167556763,0.901530385017395
AmsterTime,full,SU,0.2,247,0.4989622235298157,87.85425101214574,12.145748987854262,3.0,10,10,0.7169834971427917,0.7286254167556763,0.901530385017395
AmsterTime,full,SU,0.3,370,0.5449696183204651,81.89189189189189,18.108108108108112,3.0,10,10,0.7169834971427917,0.7286254167556763,0.901530385017395
AmsterTime,full,SU,0.4,493,0.5819986462593079,74.0365111561866,25.963488843813394,3.0,10,10,0.7169834971427917,0.7286254167556763,0.901530385017395
AmsterTime,full,SU,0.5,616,0.6132423281669617,66.72077922077922,33.27922077922078,3.0,10,10,0.7169834971427917,0.7286254167556763,0.901530385017395
AmsterTime,full,SU,0.6,739,0.6409342885017395,61.02841677943166,38.97158322056834,3.0,10,10,0.7169834971427917,0.7286254167556763,0.901530385017395
AmsterTime,full,SU,0.7,862,0.6653273105621338,56.61252900232019,43.38747099767981,3.0,10,10,0.7169834971427917,0.7286254167556763,0.901530385017395
AmsterTime,full,SU,0.8,985,0.6876255869865417,51.878172588832484,48.121827411167516,3.0,10,10,0.7169834971427917,0.7286254167556763,0.901530385017395
AmsterTime,full,SU,0.9,1108,0.7080357074737549,47.74368231046932,52.25631768953068,3.0,10,10,0.7169834971427917,0.7286254167556763,0.901530385017395
AmsterTime,full,SU,1.0,1231,0.7286254167556763,44.35418359057677,55.64581640942323,3.0,10,10,0.7169834971427917,0.7286254167556763,0.901530385017395
AmsterTime,full,LU,0.05,62,0.8001940846443176,62.903225806451616,37.096774193548384,3.0,10,10,0.7169834971427917,0.7286254167556763,0.901530385017395
AmsterTime,full,LU,0.1,124,0.8208422660827637,57.25806451612904,42.74193548387096,3.0,10,10,0.7169834971427917,0.7286254167556763,0.901530385017395
AmsterTime,full,LU,0.2,247,0.8413944840431213,51.417004048582996,48.582995951417004,3.0,10,10,0.7169834971427917,0.7286254167556763,0.901530385017395
AmsterTime,full,LU,0.3,370,0.8544473052024841,49.72972972972973,50.27027027027027,3.0,10,10,0.7169834971427917,0.7286254167556763,0.901530385017395
AmsterTime,full,LU,0.4,493,0.864368736743927,48.6815415821501,51.3184584178499,3.0,10,10,0.7169834971427917,0.7286254167556763,0.901530385017395
AmsterTime,full,LU,0.5,616,0.8721352815628052,46.42857142857143,53.57142857142857,3.0,10,10,0.7169834971427917,0.7286254167556763,0.901530385017395
AmsterTime,full,LU,0.6,739,0.878858745098114,46.14343707713126,53.85656292286874,3.0,10,10,0.7169834971427917,0.7286254167556763,0.901530385017395
AmsterTime,full,LU,0.7,862,0.8849477171897888,46.51972157772622,53.48027842227378,3.0,10,10,0.7169834971427917,0.7286254167556763,0.901530385017395
AmsterTime,full,LU,0.8,985,0.8905171751976013,46.09137055837563,53.90862944162437,3.0,10,10,0.7169834971427917,0.7286254167556763,0.901530385017395
AmsterTime,full,LU,0.9,1108,0.8958361148834229,45.30685920577617,54.69314079422383,3.0,10,10,0.7169834971427917,0.7286254167556763,0.901530385017395
AmsterTime,full,LU,1.0,1231,0.901530385017395,44.35418359057677,55.64581640942323,3.0,10,10,0.7169834971427917,0.7286254167556763,0.901530385017395
AmsterTime,full,joint_variance_unweighted,0.05,62,0.3632163107395172,90.32258064516128,9.677419354838719,3.0,10,10,0.7169834971427917,0.7286254167556763,0.901530385017395
AmsterTime,full,joint_variance_unweighted,0.1,124,0.4868161976337433,83.06451612903226,16.935483870967744,3.0,10,10,0.7169834971427917,0.7286254167556763,0.901530385017395
AmsterTime,full,joint_variance_unweighted,0.2,247,0.6902309060096741,74.89878542510121,25.10121457489879,3.0,10,10,0.7169834971427917,0.7286254167556763,0.901530385017395
AmsterTime,full,joint_variance_unweighted,0.3,370,0.8443529009819031,71.08108108108108,28.91891891891892,3.0,10,10,0.7169834971427917,0.7286254167556763,0.901530385017395
AmsterTime,full,joint_variance_unweighted,0.4,493,0.9707689881324768,68.15415821501014,31.845841784989858,3.0,10,10,0.7169834971427917,0.7286254167556763,0.901530385017395
AmsterTime,full,joint_variance_unweighted,0.5,616,1.082073450088501,62.01298701298701,37.98701298701299,3.0,10,10,0.7169834971427917,0.7286254167556763,0.901530385017395
AmsterTime,full,joint_variance_unweighted,0.6,739,1.1812721490859985,57.91610284167794,42.08389715832206,3.0,10,10,0.7169834971427917,0.7286254167556763,0.901530385017395
AmsterTime,full,joint_variance_unweighted,0.7,862,1.2797240018844604,54.872389791183295,45.127610208816705,3.0,10,10,0.7169834971427917,0.7286254167556763,0.901530385017395
AmsterTime,full,joint_variance_unweighted,0.8,985,1.3799138069152832,51.16751269035533,48.83248730964467,3.0,10,10,0.7169834971427917,0.7286254167556763,0.901530385017395
AmsterTime,full,joint_variance_unweighted,0.9,1108,1.4830701351165771,47.65342960288809,52.34657039711191,3.0,10,10,0.7169834971427917,0.7286254167556763,0.901530385017395
AmsterTime,full,joint_variance_unweighted,1.0,1231,1.609012484550476,44.35418359057677,55.64581640942323,3.0,10,10,0.7169834971427917,0.7286254167556763,0.901530385017395
AmsterTime,full,language_weight_1_minus_alpha,0.05,62,0.037490420043468475,95.16129032258065,4.838709677419345,3.0,10,10,0.7169834971427917,0.7286254167556763,0.901530385017395
AmsterTime,full,language_weight_1_minus_alpha,0.1,124,0.05501336604356766,90.32258064516128,9.677419354838719,3.0,10,10,0.7169834971427917,0.7286254167556763,0.901530385017395
AmsterTime,full,language_weight_1_minus_alpha,0.2,247,0.08306920528411865,82.5910931174089,17.408906882591097,3.0,10,10,0.7169834971427917,0.7286254167556763,0.901530385017395
AmsterTime,full,language_weight_1_minus_alpha,0.3,370,0.10833078622817993,72.70270270270271,27.29729729729729,3.0,10,10,0.7169834971427917,0.7286254167556763,0.901530385017395
AmsterTime,full,language_weight_1_minus_alpha,0.4,493,0.13179849088191986,63.28600405679513,36.71399594320487,3.0,10,10,0.7169834971427917,0.7286254167556763,0.901530385017395
AmsterTime,full,language_weight_1_minus_alpha,0.5,616,0.15229928493499756,56.65584415584416,43.34415584415584,3.0,10,10,0.7169834971427917,0.7286254167556763,0.901530385017395
AmsterTime,full,language_weight_1_minus_alpha,0.6,739,0.171739861369133,53.45060893098782,46.54939106901218,3.0,10,10,0.7169834971427917,0.7286254167556763,0.901530385017395
AmsterTime,full,language_weight_1_minus_alpha,0.7,862,0.19214971363544464,49.88399071925754,50.11600928074246,3.0,10,10,0.7169834971427917,0.7286254167556763,0.901530385017395
AmsterTime,full,language_weight_1_minus_alpha,0.8,985,0.21470260620117188,47.10659898477157,52.89340101522843,3.0,10,10,0.7169834971427917,0.7286254167556763,0.901530385017395
AmsterTime,full,language_weight_1_minus_alpha,0.9,1108,0.2418084591627121,45.758122743682314,54.241877256317686,3.0,10,10,0.7169834971427917,0.7286254167556763,0.901530385017395
AmsterTime,full,language_weight_1_minus_alpha,1.0,1231,0.28301650285720825,44.35418359057677,55.64581640942323,3.0,10,10,0.7169834971427917,0.7286254167556763,0.901530385017395
MSLS-val held-out,heldout,SU,0.05,26,0.3859610855579376,100.0,0.0,3.0,10,10,0.723717212677002,0.7153035402297974,0.9160003662109375
MSLS-val held-out,heldout,SU,0.1,52,0.4272673726081848,100.0,0.0,3.0,10,10,0.723717212677002,0.7153035402297974,0.9160003662109375
MSLS-val held-out,heldout,SU,0.2,104,0.4801061451435089,99.03846153846155,0.9615384615384528,3.0,10,10,0.723717212677002,0.7153035402297974,0.9160003662109375
MSLS-val held-out,heldout,SU,0.3,156,0.5235149264335632,97.43589743589743,2.564102564102569,3.0,10,10,0.723717212677002,0.7153035402297974,0.9160003662109375
MSLS-val held-out,heldout,SU,0.4,208,0.5592184662818909,98.07692307692307,1.923076923076934,3.0,10,10,0.723717212677002,0.7153035402297974,0.9160003662109375
MSLS-val held-out,heldout,SU,0.5,259,0.5907526612281799,96.52509652509652,3.474903474903485,3.0,10,10,0.723717212677002,0.7153035402297974,0.9160003662109375
MSLS-val held-out,heldout,SU,0.6,311,0.6183188557624817,96.14147909967846,3.858520900321537,3.0,10,10,0.723717212677002,0.7153035402297974,0.9160003662109375
MSLS-val held-out,heldout,SU,0.7,363,0.6438488364219666,95.59228650137742,4.407713498622584,3.0,10,10,0.723717212677002,0.7153035402297974,0.9160003662109375
MSLS-val held-out,heldout,SU,0.8,415,0.6679180264472961,92.7710843373494,7.228915662650607,3.0,10,10,0.723717212677002,0.7153035402297974,0.9160003662109375
MSLS-val held-out,heldout,SU,0.9,467,0.691603422164917,90.36402569593149,9.635974304068512,3.0,10,10,0.723717212677002,0.7153035402297974,0.9160003662109375
MSLS-val held-out,heldout,SU,1.0,518,0.7153035998344421,85.32818532818533,14.671814671814673,3.0,10,10,0.723717212677002,0.7153035402297974,0.9160003662109375
MSLS-val held-out,heldout,LU,0.05,26,0.8166406154632568,100.0,0.0,3.0,10,10,0.723717212677002,0.7153035402297974,0.9160003662109375
MSLS-val held-out,heldout,LU,0.1,52,0.8389074802398682,94.23076923076923,5.769230769230774,3.0,10,10,0.723717212677002,0.7153035402297974,0.9160003662109375
MSLS-val held-out,heldout,LU,0.2,104,0.8616943359375,87.5,12.5,3.0,10,10,0.723717212677002,0.7153035402297974,0.9160003662109375
MSLS-val held-out,heldout,LU,0.3,156,0.8740905523300171,88.46153846153845,11.538461538461547,3.0,10,10,0.723717212677002,0.7153035402297974,0.9160003662109375
MSLS-val held-out,heldout,LU,0.4,208,0.8827190399169922,86.53846153846155,13.461538461538453,3.0,10,10,0.723717212677002,0.7153035402297974,0.9160003662109375
MSLS-val held-out,heldout,LU,0.5,259,0.8895668983459473,86.48648648648648,13.513513513513516,3.0,10,10,0.723717212677002,0.7153035402297974,0.9160003662109375
MSLS-val held-out,heldout,LU,0.6,311,0.8955931663513184,84.2443729903537,15.755627009646304,3.0,10,10,0.723717212677002,0.7153035402297974,0.9160003662109375
MSLS-val held-out,heldout,LU,0.7,363,0.9009484052658081,84.84848484848484,15.151515151515156,3.0,10,10,0.723717212677002,0.7153035402297974,0.9160003662109375
MSLS-val held-out,heldout,LU,0.8,415,0.9059098362922668,85.06024096385542,14.93975903614458,3.0,10,10,0.723717212677002,0.7153035402297974,0.9160003662109375
MSLS-val held-out,heldout,LU,0.9,467,0.9107568264007568,85.22483940042827,14.775160599571734,3.0,10,10,0.723717212677002,0.7153035402297974,0.9160003662109375
MSLS-val held-out,heldout,LU,1.0,518,0.9160003662109375,85.32818532818533,14.671814671814673,3.0,10,10,0.723717212677002,0.7153035402297974,0.9160003662109375
MSLS-val held-out,heldout,joint_variance_unweighted,0.05,26,0.3059397339820862,100.0,0.0,3.0,10,10,0.723717212677002,0.7153035402297974,0.9160003662109375
MSLS-val held-out,heldout,joint_variance_unweighted,0.1,52,0.45359376072883606,98.07692307692307,1.923076923076934,3.0,10,10,0.723717212677002,0.7153035402297974,0.9160003662109375
MSLS-val held-out,heldout,joint_variance_unweighted,0.2,104,0.6471936106681824,97.11538461538461,2.884615384615387,3.0,10,10,0.723717212677002,0.7153035402297974,0.9160003662109375
MSLS-val held-out,heldout,joint_variance_unweighted,0.3,156,0.8051121234893799,97.43589743589743,2.564102564102569,3.0,10,10,0.723717212677002,0.7153035402297974,0.9160003662109375
MSLS-val held-out,heldout,joint_variance_unweighted,0.4,208,0.9329458475112915,95.67307692307693,4.326923076923066,3.0,10,10,0.723717212677002,0.7153035402297974,0.9160003662109375
MSLS-val held-out,heldout,joint_variance_unweighted,0.5,259,1.0427696704864502,94.98069498069498,5.019305019305023,3.0,10,10,0.723717212677002,0.7153035402297974,0.9160003662109375
MSLS-val held-out,heldout,joint_variance_unweighted,0.6,311,1.1453498601913452,94.53376205787781,5.466237942122191,3.0,10,10,0.723717212677002,0.7153035402297974,0.9160003662109375
MSLS-val held-out,heldout,joint_variance_unweighted,0.7,363,1.2562392950057983,92.56198347107438,7.4380165289256155,3.0,10,10,0.723717212677002,0.7153035402297974,0.9160003662109375
MSLS-val held-out,heldout,joint_variance_unweighted,0.8,415,1.3666318655014038,90.12048192771084,9.879518072289159,3.0,10,10,0.723717212677002,0.7153035402297974,0.9160003662109375
MSLS-val held-out,heldout,joint_variance_unweighted,0.9,467,1.476786494255066,87.15203426124198,12.84796573875802,3.0,10,10,0.723717212677002,0.7153035402297974,0.9160003662109375
MSLS-val held-out,heldout,joint_variance_unweighted,1.0,518,1.6072770357131958,85.32818532818533,14.671814671814673,3.0,10,10,0.723717212677002,0.7153035402297974,0.9160003662109375
MSLS-val held-out,heldout,language_weight_1_minus_alpha,0.05,26,0.051208239048719406,100.0,0.0,3.0,10,10,0.723717212677002,0.7153035402297974,0.9160003662109375
MSLS-val held-out,heldout,language_weight_1_minus_alpha,0.1,52,0.0662226751446724,100.0,0.0,3.0,10,10,0.723717212677002,0.7153035402297974,0.9160003662109375
MSLS-val held-out,heldout,language_weight_1_minus_alpha,0.2,104,0.09206946939229965,99.03846153846155,0.9615384615384528,3.0,10,10,0.723717212677002,0.7153035402297974,0.9160003662109375
MSLS-val held-out,heldout,language_weight_1_minus_alpha,0.3,156,0.11340730637311935,98.71794871794873,1.2820512820512704,3.0,10,10,0.723717212677002,0.7153035402297974,0.9160003662109375
MSLS-val held-out,heldout,language_weight_1_minus_alpha,0.4,208,0.13510264456272125,97.11538461538461,2.884615384615387,3.0,10,10,0.723717212677002,0.7153035402297974,0.9160003662109375
MSLS-val held-out,heldout,language_weight_1_minus_alpha,0.5,259,0.1544146090745926,95.36679536679536,4.633204633204642,3.0,10,10,0.723717212677002,0.7153035402297974,0.9160003662109375
MSLS-val held-out,heldout,language_weight_1_minus_alpha,0.6,311,0.1740807592868805,92.60450160771704,7.39549839228296,3.0,10,10,0.723717212677002,0.7153035402297974,0.9160003662109375
MSLS-val held-out,heldout,language_weight_1_minus_alpha,0.7,363,0.1945902705192566,90.35812672176309,9.641873278236915,3.0,10,10,0.723717212677002,0.7153035402297974,0.9160003662109375
MSLS-val held-out,heldout,language_weight_1_minus_alpha,0.8,415,0.21561385691165924,88.67469879518072,11.325301204819283,3.0,10,10,0.723717212677002,0.7153035402297974,0.9160003662109375
MSLS-val held-out,heldout,language_weight_1_minus_alpha,0.9,467,0.2386985868215561,86.7237687366167,13.276231263383295,3.0,10,10,0.723717212677002,0.7153035402297974,0.9160003662109375
MSLS-val held-out,heldout,language_weight_1_minus_alpha,1.0,518,0.27628275752067566,85.32818532818533,14.671814671814673,3.0,10,10,0.723717212677002,0.7153035402297974,0.9160003662109375
Nordland-clean,full,SU,0.05,20,0.5402199625968933,70.0,30.0,3.0,10,10,0.7124812602996826,0.8055589199066162,0.895315408706665
Nordland-clean,full,SU,0.1,40,0.5829547643661499,72.5,27.5,3.0,10,10,0.7124812602996826,0.8055589199066162,0.895315408706665
Nordland-clean,full,SU,0.2,80,0.636773407459259,71.25,28.75,3.0,10,10,0.7124812602996826,0.8055589199066162,0.895315408706665
Nordland-clean,full,SU,0.3,120,0.6725009679794312,71.66666666666667,28.33333333333333,3.0,10,10,0.7124812602996826,0.8055589199066162,0.895315408706665
Nordland-clean,full,SU,0.4,160,0.7002346515655518,72.5,27.5,3.0,10,10,0.7124812602996826,0.8055589199066162,0.895315408706665
Nordland-clean,full,SU,0.5,200,0.7228535413742065,68.0,32.0,3.0,10,10,0.7124812602996826,0.8055589199066162,0.895315408706665
Nordland-clean,full,SU,0.6,240,0.7424874901771545,63.74999999999999,36.25000000000001,3.0,10,10,0.7124812602996826,0.8055589199066162,0.895315408706665
Nordland-clean,full,SU,0.7,280,0.7604761719703674,60.71428571428571,39.28571428571429,3.0,10,10,0.7124812602996826,0.8055589199066162,0.895315408706665
Nordland-clean,full,SU,0.8,320,0.7761451601982117,55.3125,44.6875,3.0,10,10,0.7124812602996826,0.8055589199066162,0.895315408706665
Nordland-clean,full,SU,0.9,360,0.7906224727630615,52.77777777777778,47.22222222222222,3.0,10,10,0.7124812602996826,0.8055589199066162,0.895315408706665
Nordland-clean,full,SU,1.0,400,0.8055589199066162,50.5,49.5,3.0,10,10,0.7124812602996826,0.8055589199066162,0.895315408706665
Nordland-clean,full,LU,0.05,20,0.7616593837738037,45.0,55.0,3.0,10,10,0.7124812602996826,0.8055589199066162,0.895315408706665
Nordland-clean,full,LU,0.1,40,0.7803736925125122,47.5,52.5,3.0,10,10,0.7124812602996826,0.8055589199066162,0.895315408706665
Nordland-clean,full,LU,0.2,80,0.804460883140564,48.75,51.25,3.0,10,10,0.7124812602996826,0.8055589199066162,0.895315408706665
Nordland-clean,full,LU,0.3,120,0.8234987854957581,50.83333333333333,49.16666666666667,3.0,10,10,0.7124812602996826,0.8055589199066162,0.895315408706665
Nordland-clean,full,LU,0.4,160,0.8372852206230164,48.125,51.875,3.0,10,10,0.7124812602996826,0.8055589199066162,0.895315408706665
Nordland-clean,full,LU,0.5,200,0.8490118384361267,48.0,52.0,3.0,10,10,0.7124812602996826,0.8055589199066162,0.895315408706665
Nordland-clean,full,LU,0.6,240,0.8593557476997375,49.166666666666664,50.833333333333336,3.0,10,10,0.7124812602996826,0.8055589199066162,0.895315408706665
Nordland-clean,full,LU,0.7,280,0.8686196208000183,52.142857142857146,47.857142857142854,3.0,10,10,0.7124812602996826,0.8055589199066162,0.895315408706665
Nordland-clean,full,LU,0.8,320,0.8773519396781921,53.125,46.875,3.0,10,10,0.7124812602996826,0.8055589199066162,0.895315408706665
Nordland-clean,full,LU,0.9,360,0.8861895203590393,52.77777777777778,47.22222222222222,3.0,10,10,0.7124812602996826,0.8055589199066162,0.895315408706665
Nordland-clean,full,LU,1.0,400,0.895315408706665,50.5,49.5,3.0,10,10,0.7124812602996826,0.8055589199066162,0.895315408706665
Nordland-clean,full,joint_variance_unweighted,0.05,20,0.4090188443660736,55.00000000000001,44.99999999999999,3.0,10,10,0.7124812602996826,0.8055589199066162,0.895315408706665
Nordland-clean,full,joint_variance_unweighted,0.1,40,0.5564688444137573,57.49999999999999,42.50000000000001,3.0,10,10,0.7124812602996826,0.8055589199066162,0.895315408706665
Nordland-clean,full,joint_variance_unweighted,0.2,80,0.7445999383926392,62.5,37.5,3.0,10,10,0.7124812602996826,0.8055589199066162,0.895315408706665
Nordland-clean,full,joint_variance_unweighted,0.3,120,0.8868541717529297,65.0,35.0,3.0,10,10,0.7124812602996826,0.8055589199066162,0.895315408706665
Nordland-clean,full,joint_variance_unweighted,0.4,160,1.0001236200332642,62.5,37.5,3.0,10,10,0.7124812602996826,0.8055589199066162,0.895315408706665
Nordland-clean,full,joint_variance_unweighted,0.5,200,1.1008307933807373,62.5,37.5,3.0,10,10,0.7124812602996826,0.8055589199066162,0.895315408706665
Nordland-clean,full,joint_variance_unweighted,0.6,240,1.1913070678710938,58.75,41.25,3.0,10,10,0.7124812602996826,0.8055589199066162,0.895315408706665
Nordland-clean,full,joint_variance_unweighted,0.7,280,1.2780295610427856,57.14285714285714,42.85714285714286,3.0,10,10,0.7124812602996826,0.8055589199066162,0.895315408706665
Nordland-clean,full,joint_variance_unweighted,0.8,320,1.3713855743408203,55.93749999999999,44.06250000000001,3.0,10,10,0.7124812602996826,0.8055589199066162,0.895315408706665
Nordland-clean,full,joint_variance_unweighted,0.9,360,1.4795912504196167,54.72222222222223,45.27777777777777,3.0,10,10,0.7124812602996826,0.8055589199066162,0.895315408706665
Nordland-clean,full,joint_variance_unweighted,1.0,400,1.6114038228988647,50.5,49.5,3.0,10,10,0.7124812602996826,0.8055589199066162,0.895315408706665
Nordland-clean,full,language_weight_1_minus_alpha,0.05,20,0.03440957888960838,75.0,25.0,3.0,10,10,0.7124812602996826,0.8055589199066162,0.895315408706665
Nordland-clean,full,language_weight_1_minus_alpha,0.1,40,0.05058971047401428,72.5,27.5,3.0,10,10,0.7124812602996826,0.8055589199066162,0.895315408706665
Nordland-clean,full,language_weight_1_minus_alpha,0.2,80,0.07777267694473267,77.5,22.5,3.0,10,10,0.7124812602996826,0.8055589199066162,0.895315408706665
Nordland-clean,full,language_weight_1_minus_alpha,0.3,120,0.10387113690376282,72.5,27.5,3.0,10,10,0.7124812602996826,0.8055589199066162,0.895315408706665
Nordland-clean,full,language_weight_1_minus_alpha,0.4,160,0.12559381127357483,63.125,36.875,3.0,10,10,0.7124812602996826,0.8055589199066162,0.895315408706665
Nordland-clean,full,language_weight_1_minus_alpha,0.5,200,0.14578430354595184,59.0,41.0,3.0,10,10,0.7124812602996826,0.8055589199066162,0.895315408706665
Nordland-clean,full,language_weight_1_minus_alpha,0.6,240,0.16770508885383606,56.25,43.75,3.0,10,10,0.7124812602996826,0.8055589199066162,0.895315408706665
Nordland-clean,full,language_weight_1_minus_alpha,0.7,280,0.1908891350030899,55.714285714285715,44.285714285714285,3.0,10,10,0.7124812602996826,0.8055589199066162,0.895315408706665
Nordland-clean,full,language_weight_1_minus_alpha,0.8,320,0.21580080687999725,53.43750000000001,46.56249999999999,3.0,10,10,0.7124812602996826,0.8055589199066162,0.895315408706665
Nordland-clean,full,language_weight_1_minus_alpha,0.9,360,0.24386289715766907,51.388888888888886,48.611111111111114,3.0,10,10,0.7124812602996826,0.8055589199066162,0.895315408706665
Nordland-clean,full,language_weight_1_minus_alpha,1.0,400,0.2875187397003174,50.5,49.5,3.0,10,10,0.7124812602996826,0.8055589199066162,0.895315408706665
