case_id,query_id,positive_db_id,query_image_path,positive_db_image_path,query_caption,positive_db_caption,second_verifier_same_place,second_verifier_confidence_1_to_3,second_verifier_notes
1,25,1,queries/@0@122@@@@@000122@@@@@@@@.jpg,database/@0@100@@@@@000100@@@@@@@@.jpg,a person riding a snowboard down a snowy slope,a train traveling down the tracks in the woods,,,
2,31,4,queries/@0@128@@@@@000128@@@@@@@@.jpg,database/@0@103@@@@@000103@@@@@@@@.jpg,a train is traveling through the snow covered forest,a train traveling down the tracks in the woods,,,
3,32,5,queries/@0@129@@@@@000129@@@@@@@@.jpg,database/@0@104@@@@@000104@@@@@@@@.jpg,a train going down the tracks in the snow,a train traveling through a forest filled with trees,,,
4,34,6,queries/@0@130@@@@@000130@@@@@@@@.jpg,database/@0@105@@@@@000105@@@@@@@@.jpg,a view of a train going down the tracks in the snow,a train traveling down the tracks in the woods,,,
5,36,8,queries/@0@132@@@@@000132@@@@@@@@.jpg,database/@0@107@@@@@000107@@@@@@@@.jpg,a view of a snow covered road from a vehicle,a train traveling through a forest filled with trees,,,
6,48,20,queries/@0@143@@@@@000143@@@@@@@@.jpg,database/@0@118@@@@@000118@@@@@@@@.jpg,a person riding a snowboard down a snowy slope,a train traveling down the tracks in the mountains,,,
7,69,41,queries/@0@162@@@@@000162@@@@@@@@.jpg,database/@0@137@@@@@000137@@@@@@@@.jpg,a view of a train going down the tracks in the snow,a train traveling down the tracks near a river,,,
8,74,47,queries/@0@167@@@@@000167@@@@@@@@.jpg,database/@0@142@@@@@000142@@@@@@@@.jpg,a train traveling down the tracks in the snow,a view from a train window looking down the tracks,,,
9,89,61,queries/@0@180@@@@@000180@@@@@@@@.jpg,database/@0@155@@@@@000155@@@@@@@@.jpg,a view of a snowy town from a train,a train traveling down the tracks near a small town,,,
10,110,0,queries/@0@19@@@@@000019@@@@@@@@.jpg,database/@0@0@@@@@000000@@@@@@@@.jpg,a snowboarder is riding down the side of a mountain,a train traveling down the tracks in the woods,,,
11,141,114,queries/@0@227@@@@@000227@@@@@@@@.jpg,database/@0@202@@@@@000202@@@@@@@@.jpg,a view of a snowy road with cars driving down it,a view of a train track with cars parked on it,,,
12,155,0,queries/@0@23@@@@@000023@@@@@@@@.jpg,database/@0@0@@@@@000000@@@@@@@@.jpg,a person riding a snowboard down the side of a hill,a train traveling down the tracks in the woods,,,
13,158,130,queries/@0@242@@@@@000242@@@@@@@@.jpg,database/@0@217@@@@@000217@@@@@@@@.jpg,a car driving down a snow covered road,a train is traveling down the tracks near a train station,,,
14,159,131,queries/@0@243@@@@@000243@@@@@@@@.jpg,database/@0@218@@@@@000218@@@@@@@@.jpg,a person riding on a snow covered road,a view of a train track with cars parked on it,,,
15,171,143,queries/@0@254@@@@@000254@@@@@@@@.jpg,database/@0@229@@@@@000229@@@@@@@@.jpg,a snow covered road next to a body of water,a view from a train window looking down the tracks,,,
16,172,145,queries/@0@255@@@@@000255@@@@@@@@.jpg,database/@0@230@@@@@000230@@@@@@@@.jpg,a train traveling down the tracks in the snow,a train traveling down the tracks next to a forest,,,
17,176,149,queries/@0@259@@@@@000259@@@@@@@@.jpg,database/@0@234@@@@@000234@@@@@@@@.jpg,a train traveling down the tracks in the snow,a train traveling down tracks next to a forest,,,
18,190,162,queries/@0@271@@@@@000271@@@@@@@@.jpg,database/@0@246@@@@@000246@@@@@@@@.jpg,an image of the moon in the night sky,a view from a train window looking down the tracks,,,
19,193,165,queries/@0@274@@@@@000274@@@@@@@@.jpg,database/@0@249@@@@@000249@@@@@@@@.jpg,a train traveling along a snowy mountain side,a view from a train window looking down the tracks,,,
20,195,168,queries/@0@276@@@@@000276@@@@@@@@.jpg,database/@0@251@@@@@000251@@@@@@@@.jpg,a train traveling along a snowy river,a view from a train window looking down at a river,,,
21,212,184,queries/@0@291@@@@@000291@@@@@@@@.jpg,database/@0@266@@@@@000266@@@@@@@@.jpg,a train traveling down the tracks in the snow,a view from a train window looking down the tracks,,,
22,218,191,queries/@0@297@@@@@000297@@@@@@@@.jpg,database/@0@272@@@@@000272@@@@@@@@.jpg,a snow covered road next to a body of water,a view from a train window looking down the tracks,,,
23,237,208,queries/@0@313@@@@@000313@@@@@@@@.jpg,database/@0@288@@@@@000288@@@@@@@@.jpg,a view of a train going through the snow covered mountains,a train traveling down the tracks next to a body of water,,,
24,248,219,queries/@0@323@@@@@000323@@@@@@@@.jpg,database/@0@298@@@@@000298@@@@@@@@.jpg,a person riding a snowboard down a hill,a train going through a tunnel in the dark,,,
25,252,225,queries/@0@327@@@@@000327@@@@@@@@.jpg,database/@0@302@@@@@000302@@@@@@@@.jpg,a person riding a snowboard down a hill,a train traveling down the tracks next to a body of water,,,
26,256,228,queries/@0@330@@@@@000330@@@@@@@@.jpg,database/@0@305@@@@@000305@@@@@@@@.jpg,a person riding a snowboard down a hill,a train traveling along a body of water,,,
27,269,241,queries/@0@342@@@@@000342@@@@@@@@.jpg,database/@0@317@@@@@000317@@@@@@@@.jpg,a person riding a snowboard down a snowy slope,a train traveling down the tracks in the mountains,,,
28,274,247,queries/@0@347@@@@@000347@@@@@@@@.jpg,database/@0@322@@@@@000322@@@@@@@@.jpg,a view from a train window of a snowy landscape,a train traveling down the tracks in the mountains,,,
29,280,252,queries/@0@352@@@@@000352@@@@@@@@.jpg,database/@0@327@@@@@000327@@@@@@@@.jpg,a train traveling down the tracks in the snow,a view from a train window looking down the tracks,,,
30,284,257,queries/@0@356@@@@@000356@@@@@@@@.jpg,database/@0@331@@@@@000331@@@@@@@@.jpg,a person riding a snowboard down a hill,the moon is seen in the dark sky,,,
31,295,268,queries/@0@366@@@@@000366@@@@@@@@.jpg,database/@0@341@@@@@000341@@@@@@@@.jpg,a person riding a snowboard down a snowy slope,a train traveling through the mountains on a cloudy day,,,
32,300,272,queries/@0@370@@@@@000370@@@@@@@@.jpg,database/@0@345@@@@@000345@@@@@@@@.jpg,a snow covered mountain,a train traveling down the tracks on a cloudy day,,,
33,314,286,queries/@0@383@@@@@000383@@@@@@@@.jpg,database/@0@358@@@@@000358@@@@@@@@.jpg,a view of a train going through the snow,a train traveling down the tracks near a forest,,,
34,318,291,queries/@0@387@@@@@000387@@@@@@@@.jpg,database/@0@362@@@@@000362@@@@@@@@.jpg,a person riding a snowboard down a hill,a train traveling down the tracks in the mountains,,,
35,319,292,queries/@0@388@@@@@000388@@@@@@@@.jpg,database/@0@363@@@@@000363@@@@@@@@.jpg,a snow covered road with trees in the background,a train traveling down the tracks in the mountains,,,
36,329,302,queries/@0@397@@@@@000397@@@@@@@@.jpg,database/@0@372@@@@@000372@@@@@@@@.jpg,a train traveling through a snowy forest filled with trees,a train traveling through a forest filled with trees,,,
37,340,133,queries/@0@46@@@@@000046@@@@@@@@.jpg,database/@0@21@@@@@000021@@@@@@@@.jpg,a person riding a snowboard down a snowy slope,a train traveling down the tracks next to a lake,,,
38,350,233,queries/@0@55@@@@@000055@@@@@@@@.jpg,database/@0@30@@@@@000030@@@@@@@@.jpg,the moon is seen in the dark sky,a train traveling down the tracks next to a lake,,,
39,355,0,queries/@0@5@@@@@000005@@@@@@@@.jpg,database/@0@0@@@@@000000@@@@@@@@.jpg,a black background with a white line in the middle of the screen,a train traveling down the tracks in the woods,,,
40,362,335,queries/@0@66@@@@@000066@@@@@@@@.jpg,database/@0@41@@@@@000041@@@@@@@@.jpg,a wooden bench in the middle of a dark room,a train traveling down the tracks next to a river,,,
