query_id,v1_best_positive_rank_in_top10,v2_best_positive_rank_in_top10,v1_bucket,v2_bucket,v1_R@1_correct,v2_R@1_correct,v1_R@5_correct,v2_R@5_correct,v1_R@10_correct,v2_R@10_correct,rank_shift_v2_minus_v1,alpha_v1,alpha_v2,SU,LU
0,6,8,rank_6_10,rank_6_10,False,False,False,False,True,True,2,1.0,0.8321237564086914,0.7412573099136353,0.8980435729026794
1,1,2,rank_1,rank_2,True,False,True,True,True,True,1,1.0,0.7150980830192566,0.8497715592384338,0.9042955636978149
2,1,1,rank_1,rank_1,True,True,True,True,True,True,0,0.583007599188856,0.5059388279914856,0.7702350616455078,0.8027386665344238
3,3,3,rank_3,rank_3,False,False,True,True,True,True,0,0.2850964103869647,0.1655939221382141,0.9024577736854553,0.7535902261734009
4,1,1,rank_1,rank_1,True,True,True,True,True,True,0,1.0,0.871899425983429,0.7499681711196899,0.9313907623291016
5,1,1,rank_1,rank_1,True,True,True,True,True,True,0,1.0,0.6351376175880432,0.8106377124786377,0.8570395708084106
6,1,1,rank_1,rank_1,True,True,True,True,True,True,0,1.0,0.8560582399368286,0.7611559629440308,0.9266870021820068
7,1,1,rank_1,rank_1,True,True,True,True,True,True,0,1.0,0.973643958568573,0.5315530300140381,0.9155087471008301
8,1,1,rank_1,rank_1,True,True,True,True,True,True,0,1.0,0.6661731004714966,0.7919085025787354,0.8575559258460999
9,1,3,rank_1,rank_3,True,False,True,True,True,True,2,1.0,0.5344310998916626,0.8574883341789246,0.8489563465118408
10,3,3,rank_3,rank_3,False,False,True,True,True,True,0,1.0,0.815582275390625,0.7413387894630432,0.8889974355697632
11,3,3,rank_3,rank_3,False,False,True,True,True,True,0,1.0,0.763559877872467,0.8955652713775635,0.9522644281387329
12,2,2,rank_2,rank_2,False,False,True,True,True,True,0,0.6758528247724722,0.7477278709411621,0.7281113862991333,0.8519127368927002
13,2,1,rank_2,rank_1,False,True,True,True,True,True,-1,1.0,0.7311012148857117,0.8282212018966675,0.8996034860610962
14,4,4,rank_4_5,rank_4_5,False,False,True,True,True,True,0,0.48147300911080676,0.5027323961257935,0.8133736848831177,0.821440577507019
15,2,4,rank_2,rank_4_5,False,False,True,True,True,True,2,0.6661933689985947,0.7848964333534241,0.7327237725257874,0.8693685531616211
16,3,3,rank_3,rank_3,False,False,True,True,True,True,0,0.4838543233118061,0.5043312907218933,0.8123683929443359,0.821415901184082
17,6,6,rank_6_10,rank_6_10,False,False,False,False,True,True,0,0.6840996672147472,0.7843273878097534,0.7241166830062866,0.8642053604125977
18,5,5,rank_4_5,rank_4_5,False,False,True,True,True,True,0,0.293387560454034,0.6188011765480042,0.8982065916061401,0.8918323516845703
19,7,9,rank_6_10,rank_6_10,False,False,False,False,True,True,2,1.0,0.7267335653305054,0.792162299156189,0.8786932229995728
20,4,4,rank_4_5,rank_4_5,False,False,True,True,True,True,0,0.2385225623269594,0.20427167415618896,0.9279099702835083,0.777362048625946
21,3,3,rank_3,rank_3,False,False,True,True,True,True,0,0.7458120322792378,0.6576197147369385,0.6921035051345825,0.803966224193573
22,1,1,rank_1,rank_1,True,True,True,True,True,True,0,1.0,0.7810277938842773,0.8946933150291443,0.9623034000396729
23,3,4,rank_3,rank_4_5,False,False,True,True,True,True,1,0.6287470832003956,0.8594778180122375,0.7500280141830444,0.9216443300247192
24,6,5,rank_6_10,rank_4_5,False,False,False,True,True,True,-1,1.0,0.7343404293060303,0.8217145800590515,0.8974777460098267
25,11,11,outside_top10,outside_top10,False,False,False,False,False,False,0,1.0,0.503002405166626,0.9249666929244995,0.8667092323303223
26,4,6,rank_4_5,rank_6_10,False,False,True,False,True,True,2,1.0,0.49980753660202026,0.9060522317886353,0.8586903810501099
27,3,3,rank_3,rank_3,False,False,True,True,True,True,0,0.22056751454420914,0.7154479622840881,0.9386153221130371,0.9495240449905396
28,3,3,rank_3,rank_3,False,False,True,True,True,True,0,0.4357345309233873,0.847723662853241,0.8328045606613159,0.9706505537033081
29,2,2,rank_2,rank_2,False,False,True,True,True,True,0,1.0,0.6300408244132996,0.7703219652175903,0.8359223008155823
30,1,2,rank_1,rank_2,True,False,True,True,True,True,1,0.4710346887001074,0.7349717617034912,0.8177847266197205,0.895634651184082
31,3,3,rank_3,rank_3,False,False,True,True,True,True,0,0.2419881260626583,0.6100521087646484,0.9259088039398193,0.9006116986274719
32,1,2,rank_1,rank_2,True,False,True,True,True,True,1,0.4247343813911064,0.5844457149505615,0.8375346660614014,0.8544657230377197
33,4,3,rank_4_5,rank_3,False,False,True,True,True,True,-1,0.5026549895122379,0.7213989496231079,0.8044395446777344,0.8831587433815002
34,6,6,rank_6_10,rank_6_10,False,False,False,False,True,True,0,1.0,0.7454600930213928,0.8951591849327087,0.9421657919883728
35,3,4,rank_3,rank_4_5,False,False,True,True,True,True,1,0.3223822005603646,0.6408074498176575,0.8838567733764648,0.8929790258407593
36,8,8,rank_6_10,rank_6_10,False,False,False,False,True,True,0,1.0,0.8902333974838257,0.7130720615386963,0.9210742712020874
37,5,6,rank_4_5,rank_6_10,False,False,True,False,True,True,1,1.0,0.6618416905403137,0.851314902305603,0.8851276636123657
38,6,6,rank_6_10,rank_6_10,False,False,False,False,True,True,0,0.5370867379757054,0.6919148564338684,0.7898939847946167,0.8650052547454834
39,11,11,outside_top10,outside_top10,False,False,False,False,False,False,0,0.3157935991396165,0.5679822564125061,0.8870532512664795,0.8710048794746399
40,3,3,rank_3,rank_3,False,False,True,True,True,True,0,0.3948558653531942,0.5249407887458801,0.8505601286888123,0.8434107303619385
41,3,3,rank_3,rank_3,False,False,True,True,True,True,0,1.0,0.8486843705177307,0.8072079420089722,0.9530216455459595
42,1,1,rank_1,rank_1,True,True,True,True,True,True,0,1.0,0.8229832053184509,0.8320286870002747,0.9506609439849854
43,3,4,rank_3,rank_4_5,False,False,True,True,True,True,1,0.5029182975761707,0.8224722743034363,0.8043285608291626,0.9322025775909424
44,1,1,rank_1,rank_1,True,True,True,True,True,True,0,0.47333061593503506,0.8423716425895691,0.8168137073516846,0.9547443389892578
45,6,6,rank_6_10,rank_6_10,False,False,False,False,True,True,0,1.0,0.8154775500297546,0.847553014755249,0.9556251764297485
46,3,4,rank_3,rank_4_5,False,False,True,True,True,True,1,0.4407130261543308,0.7942042946815491,0.830673098564148,0.9315439462661743
47,4,3,rank_4_5,rank_3,False,False,True,True,True,True,-1,0.27352927140668726,0.19298958778381348,0.908515214920044,0.7668696641921997
48,4,2,rank_4_5,rank_2,False,False,True,True,True,True,-2,1.0,0.5080053210258484,0.9095771312713623,0.862377941608429
49,11,11,outside_top10,outside_top10,False,False,False,False,False,False,0,0.2092576330310403,0.6687490940093994,0.9456819295883179,0.9314196109771729
50,11,11,outside_top10,outside_top10,False,False,False,False,False,False,0,0.5307179807740683,0.7918946146965027,0.7925915718078613,0.9074708223342896
51,11,11,outside_top10,outside_top10,False,False,False,False,False,False,0,0.7951892945181346,0.7316485643386841,0.6625807881355286,0.810583233833313
52,11,11,outside_top10,outside_top10,False,False,False,False,False,False,0,1.0,0.8999671339988708,0.6864136457443237,0.9111545085906982
53,1,1,rank_1,rank_1,True,True,True,True,True,True,0,0.5748402016135912,0.45596668124198914,0.7737666368484497,0.7917512655258179
54,9,8,rank_6_10,rank_6_10,False,False,False,False,True,True,-1,1.0,0.6935850381851196,0.9369053840637207,0.9382508993148804
55,2,2,rank_2,rank_2,False,False,True,True,True,True,0,1.0,0.8187276721000671,0.8255947828292847,0.9435162544250488
56,2,2,rank_2,rank_2,False,False,True,True,True,True,0,1.0,0.8289098739624023,0.8112236261367798,0.9410022497177124
57,5,5,rank_4_5,rank_4_5,False,False,True,True,True,True,0,0.43359760862672486,0.7805669903755188,0.8337212204933167,0.9258276224136353
58,6,6,rank_6_10,rank_6_10,False,False,False,False,True,True,0,1.0,0.8770583868026733,0.745521068572998,0.9326233863830566
59,9,8,rank_6_10,rank_6_10,False,False,False,False,True,True,-1,0.646406296332505,0.688139796257019,0.7419716119766235,0.8390300273895264
60,10,10,rank_6_10,rank_6_10,False,False,False,False,True,True,0,0.7552996666621703,0.8564631342887878,0.6867616176605225,0.8784592151641846
61,9,9,rank_6_10,rank_6_10,False,False,False,False,True,True,0,0.7167374606144384,0.4521164000034332,0.7077099084854126,0.7595484256744385
62,9,10,rank_6_10,rank_6_10,False,False,False,False,True,True,1,0.864815158811483,0.7760045528411865,0.6099449396133423,0.7968283891677856
63,11,11,outside_top10,outside_top10,False,False,False,False,False,False,0,0.3172088764322035,0.4072832763195038,0.8863636255264282,0.8257392644882202
64,1,1,rank_1,rank_1,True,True,True,True,True,True,0,0.4384255637730227,0.5983467698097229,0.8316518068313599,0.8558590412139893
65,7,5,rank_6_10,rank_4_5,False,False,False,True,True,True,-2,1.0,0.7496134638786316,0.876663088798523,0.9341921806335449
66,1,1,rank_1,rank_1,True,True,True,True,True,True,0,1.0,0.8728430867195129,0.7550674080848694,0.9358402490615845
67,11,11,outside_top10,outside_top10,False,False,False,False,False,False,0,1.0,0.7089079022407532,0.8445343375205994,0.899124264717102
68,11,11,outside_top10,outside_top10,False,False,False,False,False,False,0,1.0,0.6770782470703125,0.8851684331893921,0.9067879319190979
69,11,11,outside_top10,outside_top10,False,False,False,False,False,False,0,1.0,0.754754364490509,0.8572039604187012,0.9260139465332031
70,11,11,outside_top10,outside_top10,False,False,False,False,False,False,0,1.0,0.9297202229499817,0.6772825717926025,0.9393391013145447
71,11,11,outside_top10,outside_top10,False,False,False,False,False,False,0,1.0,0.9654445052146912,0.5956358909606934,0.9433494210243225
72,8,7,rank_6_10,rank_6_10,False,False,False,False,True,True,-1,0.7784241374862924,0.9413228631019592,0.6731197834014893,0.9553011655807495
73,7,6,rank_6_10,rank_6_10,False,False,False,False,True,True,-1,0.3216899781187027,0.581001341342926,0.8841910362243652,0.8737525343894958
74,11,11,outside_top10,outside_top10,False,False,False,False,False,False,0,0.3021892068227293,0.6509333252906799,0.8937698602676392,0.901048481464386
75,11,11,outside_top10,outside_top10,False,False,False,False,False,False,0,0.4973052155167038,0.40917104482650757,0.8066951036453247,0.7943590879440308
76,11,11,outside_top10,outside_top10,False,False,False,False,False,False,0,1.0,0.7985035181045532,0.7967281937599182,0.9134038686752319
77,2,2,rank_2,rank_2,False,False,True,True,True,True,0,0.2863346129906432,0.493149071931839,0.9018182754516602,0.8551912307739258
78,11,11,outside_top10,outside_top10,False,False,False,False,False,False,0,1.0,0.5922839045524597,0.8946658372879028,0.8816806077957153
79,11,11,outside_top10,outside_top10,False,False,False,False,False,False,0,1.0,0.6343733668327332,0.8831181526184082,0.890440821647644
80,11,11,outside_top10,outside_top10,False,False,False,False,False,False,0,1.0,0.7001548409461975,0.8903762698173523,0.9185836315155029
81,11,11,outside_top10,outside_top10,False,False,False,False,False,False,0,1.0,0.7927300930023193,0.8714724779129028,0.9556276798248291
82,11,11,outside_top10,outside_top10,False,False,False,False,False,False,0,1.0,0.8171033263206482,0.8130083084106445,0.9343440532684326
83,10,6,rank_6_10,rank_6_10,False,False,False,False,True,True,-4,1.0,0.7380956411361694,0.9376049041748047,0.9609948992729187
84,6,6,rank_6_10,rank_6_10,False,False,False,False,True,True,0,0.24683831482444787,0.4671494960784912,0.9231405258178711,0.8557530641555786
85,11,11,outside_top10,outside_top10,False,False,False,False,False,False,0,1.0,0.5949611067771912,0.8825581073760986,0.8773714303970337
86,11,11,outside_top10,outside_top10,False,False,False,False,False,False,0,1.0,0.8880138993263245,0.787140965461731,0.9757428765296936
87,11,11,outside_top10,outside_top10,False,False,False,False,False,False,0,0.9135504962323727,0.9585485458374023,0.5570428371429443,0.8957566618919373
88,3,3,rank_3,rank_3,False,False,True,True,True,True,0,1.0,0.7541110515594482,0.7818747162818909,0.8839941620826721
89,11,11,outside_top10,outside_top10,False,False,False,False,False,False,0,1.0,0.9054282903671265,0.7021886110305786,0.9281636476516724
90,11,11,outside_top10,outside_top10,False,False,False,False,False,False,0,0.8532328977527482,0.9460066556930542,0.6200306415557861,0.9198293685913086
91,11,11,outside_top10,outside_top10,False,False,False,False,False,False,0,1.0,0.9460504651069641,0.6610440015792847,0.9539458751678467
92,11,11,outside_top10,outside_top10,False,False,False,False,False,False,0,0.7513026433736943,0.7071103453636169,0.6890286803245544,0.817013680934906
93,11,11,outside_top10,outside_top10,False,False,False,False,False,False,0,0.4631999628186154,0.47286027669906616,0.8211023211479187,0.817013680934906
94,6,5,rank_6_10,rank_4_5,False,False,False,True,True,True,-1,1.0,0.7473983764648438,0.8585793972015381,0.9231998920440674
95,11,11,outside_top10,outside_top10,False,False,False,False,False,False,0,0.4997846390309487,0.3497862219810486,0.8056496977806091,0.778221845626831
96,7,4,rank_6_10,rank_4_5,False,False,False,True,True,True,-3,1.0,0.7239202260971069,0.9284670352935791,0.9486719369888306
97,2,2,rank_2,rank_2,False,False,True,True,True,True,0,1.0,0.8292174339294434,0.8885528445243835,0.9947062730789185
98,4,4,rank_4_5,rank_4_5,False,False,True,True,True,True,0,0.3924383540806893,0.37786513566970825,0.8516277074813843,0.8045055270195007
99,2,2,rank_2,rank_2,False,False,True,True,True,True,0,1.0,0.8039683103561401,0.8532226085662842,0.9514905214309692
100,2,2,rank_2,rank_2,False,False,True,True,True,True,0,0.32590744060112026,0.29443493485450745,0.8821607232093811,0.7922636866569519
101,4,4,rank_4_5,rank_4_5,False,False,True,True,True,True,0,1.0,0.7459834814071655,0.9371224641799927,0.965241551399231
102,3,3,rank_3,rank_3,False,False,True,True,True,True,0,0.3411667826308025,0.8223461508750916,0.8749243021011353,0.9791964292526245
103,3,3,rank_3,rank_3,False,False,True,True,True,True,0,0.3488745902425379,0.7861953973770142,0.8713290691375732,0.9514431357383728
104,3,3,rank_3,rank_3,False,False,True,True,True,True,0,1.0,0.8253595232963562,0.8643981218338013,0.9743611812591553
105,11,11,outside_top10,outside_top10,False,False,False,False,False,False,0,1.0,0.8644089698791504,0.8001303672790527,0.9614549875259399
106,11,11,outside_top10,outside_top10,False,False,False,False,False,False,0,1.0,0.8088277578353882,0.849105715751648,0.9520823359489441
107,11,11,outside_top10,outside_top10,False,False,False,False,False,False,0,1.0,0.7873976826667786,0.8311144709587097,0.9279853105545044
108,10,4,rank_6_10,rank_4_5,False,False,False,True,True,True,-6,1.0,0.5741905570030212,0.8881746530532837,0.8733486533164978
109,9,3,rank_6_10,rank_3,False,False,False,True,True,True,-6,1.0,0.5884403586387634,0.8778868913650513,0.8733486533164978
110,6,4,rank_6_10,rank_4_5,False,False,False,True,True,True,-2,0.44583936048336326,0.6723883748054504,0.8284835815429688,0.8777057528495789
111,1,1,rank_1,rank_1,True,True,True,True,True,True,0,1.0,0.7255859971046448,0.9373501539230347,0.9540849924087524
112,9,5,rank_6_10,rank_4_5,False,False,False,True,True,True,-4,1.0,0.6183664798736572,0.8567781448364258,0.8733486533164978
113,9,4,rank_6_10,rank_4_5,False,False,False,True,True,True,-5,1.0,0.5805802941322327,0.8835393190383911,0.8733486533164978
114,9,3,rank_6_10,rank_3,False,False,False,True,True,True,-6,1.0,0.5786961317062378,0.8849022388458252,0.8733486533164978
115,9,5,rank_6_10,rank_4_5,False,False,False,True,True,True,-4,1.0,0.6066918969154358,0.8649448156356812,0.8733486533164978
116,9,3,rank_6_10,rank_3,False,False,False,True,True,True,-6,1.0,0.5697197914123535,0.8914409875869751,0.8733486533164978
117,3,3,rank_3,rank_3,False,False,True,True,True,True,0,1.0,0.8063539266586304,0.8861991167068481,0.9743611812591553
118,7,7,rank_6_10,rank_6_10,False,False,False,False,True,True,0,1.0,0.817388117313385,0.8736060857772827,0.9743611812591553
119,5,5,rank_4_5,rank_4_5,False,False,True,True,True,True,0,1.0,0.8106715679168701,0.8812897205352783,0.9743611812591553
120,4,4,rank_4_5,rank_4_5,False,False,True,True,True,True,0,1.0,0.8163415789604187,0.8748073577880859,0.9743611812591553
121,6,6,rank_6_10,rank_6_10,False,False,False,False,True,True,0,1.0,0.8267568945884705,0.862772524356842,0.9743611812591553
122,1,1,rank_1,rank_1,True,True,True,True,True,True,0,0.5342414723741624,0.808039128780365,0.7910997271537781,0.9152168035507202
123,10,10,rank_6_10,rank_6_10,False,False,False,False,True,True,0,1.0,0.8149550557136536,0.876396656036377,0.9743611812591553
124,11,11,outside_top10,outside_top10,False,False,False,False,False,False,0,1.0,0.8084403276443481,0.8838294148445129,0.9743611812591553
125,11,11,outside_top10,outside_top10,False,False,False,False,False,False,0,1.0,0.8073586225509644,0.8850586414337158,0.9743611812591553
126,7,7,rank_6_10,rank_6_10,False,False,False,False,True,True,0,1.0,0.8119874596595764,0.8797890543937683,0.9743611812591553
127,6,6,rank_6_10,rank_6_10,False,False,False,False,True,True,0,1.0,0.8160654306411743,0.8751241564750671,0.9743611812591553
128,11,11,outside_top10,outside_top10,False,False,False,False,False,False,0,1.0,0.7945582270622253,0.899518609046936,0.9743611812591553
129,11,11,outside_top10,outside_top10,False,False,False,False,False,False,0,1.0,0.7990447282791138,0.8944662809371948,0.9743611812591553
130,11,11,outside_top10,outside_top10,False,False,False,False,False,False,0,1.0,0.8064829707145691,0.8860527276992798,0.9743611812591553
131,11,11,outside_top10,outside_top10,False,False,False,False,False,False,0,1.0,0.79936683177948,0.8941030502319336,0.9743611812591553
132,11,11,outside_top10,outside_top10,False,False,False,False,False,False,0,1.0,0.8025938868522644,0.8904582262039185,0.9743611812591553
133,4,3,rank_4_5,rank_3,False,False,True,True,True,True,-1,1.0,0.706010103225708,0.8745813369750977,0.9131710529327393
134,11,11,outside_top10,outside_top10,False,False,False,False,False,False,0,1.0,0.795766294002533,0.8981596231460571,0.9743611812591553
135,11,11,outside_top10,outside_top10,False,False,False,False,False,False,0,1.0,0.8139384984970093,0.877560019493103,0.9743611812591553
136,4,4,rank_4_5,rank_4_5,False,False,True,True,True,True,0,1.0,0.8544522523880005,0.8587393760681152,0.9967737793922424
137,10,10,rank_6_10,rank_6_10,False,False,False,False,True,True,0,0.3778519983555304,0.7981069087982178,0.8581206798553467,0.9507807493209839
138,9,9,rank_6_10,rank_6_10,False,False,False,False,True,True,0,0.27156435035250337,0.6870148181915283,0.9095597267150879,0.9223753213882446
139,10,10,rank_6_10,rank_6_10,False,False,False,False,True,True,0,0.14228448326700968,0.7293127179145813,0.9949089288711548,0.985704779624939
140,8,8,rank_6_10,rank_6_10,False,False,False,False,True,True,0,1.0,0.7504920363426208,0.9954342842102051,1.0
141,1,1,rank_1,rank_1,True,True,True,True,True,True,0,1.0,0.8010581135749817,0.8662272691726685,0.9577973484992981
142,1,1,rank_1,rank_1,True,True,True,True,True,True,0,0.47748312687600775,0.4340174198150635,0.815058708190918,0.8043655157089233
143,1,1,rank_1,rank_1,True,True,True,True,True,True,0,0.5745522969784651,0.4930537939071655,0.7738907933235168,0.8011659383773804
144,5,4,rank_4_5,rank_4_5,False,False,True,True,True,True,-1,1.0,0.7547173500061035,0.8770904541015625,0.9370435476303101
145,1,1,rank_1,rank_1,True,True,True,True,True,True,0,0.7794834545810866,0.8978397250175476,0.672471284866333,0.8994879722595215
146,1,1,rank_1,rank_1,True,True,True,True,True,True,0,0.9596442880420014,0.9751269221305847,0.47155576944351196,0.8757345080375671
147,1,1,rank_1,rank_1,True,True,True,True,True,True,0,1.0,0.9600030779838562,0.5432710647583008,0.8887699842453003
148,1,1,rank_1,rank_1,True,True,True,True,True,True,0,1.0,0.9766444563865662,0.5467605590820312,0.9396911859512329
149,1,1,rank_1,rank_1,True,True,True,True,True,True,0,0.8482626851967876,0.9479659199714661,0.6241567730903625,0.9266108274459839
150,1,1,rank_1,rank_1,True,True,True,True,True,True,0,1.0,0.9006959199905396,0.7322373390197754,0.9459888339042664
151,1,1,rank_1,rank_1,True,True,True,True,True,True,0,0.8978165086858183,0.7089977860450745,0.5764983296394348,0.7567968368530273
152,1,1,rank_1,rank_1,True,True,True,True,True,True,0,1.0,0.7895515561103821,0.7812281250953674,0.8995993137359619
153,3,3,rank_3,rank_3,False,False,True,True,True,True,0,1.0,0.7612667679786682,0.8358299732208252,0.9172496795654297
154,1,1,rank_1,rank_1,True,True,True,True,True,True,0,0.8784598311875232,0.920725405216217,0.5970803499221802,0.8704991340637207
155,1,1,rank_1,rank_1,True,True,True,True,True,True,0,1.0,0.9079449772834778,0.6960849165916443,0.926323652267456
156,1,1,rank_1,rank_1,True,True,True,True,True,True,0,1.0,0.8915177583694458,0.7414673566818237,0.9432839155197144
157,3,3,rank_3,rank_3,False,False,True,True,True,True,0,1.0,0.6698220372200012,0.8771877288818359,0.9002665281295776
158,1,1,rank_1,rank_1,True,True,True,True,True,True,0,1.0,0.9228501319885254,0.6439149975776672,0.9048669934272766
159,1,1,rank_1,rank_1,True,True,True,True,True,True,0,1.0,0.9428346157073975,0.6684146523475647,0.9540567398071289
160,1,1,rank_1,rank_1,True,True,True,True,True,True,0,1.0,0.9504705667495728,0.6156005859375,0.9245051741600037
161,1,1,rank_1,rank_1,True,True,True,True,True,True,0,1.0,0.8904430866241455,0.7265128493309021,0.9310230016708374
162,11,11,outside_top10,outside_top10,False,False,False,False,False,False,0,1.0,0.575215220451355,0.822952389717102,0.845264196395874
163,1,2,rank_1,rank_2,True,False,True,True,True,True,1,1.0,0.6641578078269958,0.8988566398620605,0.9082702398300171
164,1,1,rank_1,rank_1,True,True,True,True,True,True,0,1.0,0.9907428026199341,0.4923343062400818,0.9878512620925903
165,1,1,rank_1,rank_1,True,True,True,True,True,True,0,1.0,0.7994842529296875,0.7911176681518555,0.9105510711669922
166,1,1,rank_1,rank_1,True,True,True,True,True,True,0,1.0,0.636298418045044,0.8978270292282104,0.8976647853851318
167,1,1,rank_1,rank_1,True,True,True,True,True,True,0,1.0,0.895233690738678,0.7604900002479553,0.9622960090637207
168,1,1,rank_1,rank_1,True,True,True,True,True,True,0,1.0,0.8954834938049316,0.7744690179824829,0.9741508960723877
169,1,1,rank_1,rank_1,True,True,True,True,True,True,0,1.0,0.9108090400695801,0.7732608318328857,0.9944585561752319
170,1,1,rank_1,rank_1,True,True,True,True,True,True,0,0.6360674880842134,0.6794329881668091,0.7467087507247925,0.8387603759765625
171,1,1,rank_1,rank_1,True,True,True,True,True,True,0,0.6414208480595477,0.84203040599823,0.7442634105682373,0.9059345722198486
172,1,1,rank_1,rank_1,True,True,True,True,True,True,0,1.0,0.8814038038253784,0.8196301460266113,0.995162844657898
173,1,1,rank_1,rank_1,True,True,True,True,True,True,0,0.38175031652478014,0.6080795526504517,0.8563762307167053,0.8699613213539124
174,1,1,rank_1,rank_1,True,True,True,True,True,True,0,1.0,0.7086117267608643,0.8447520732879639,0.8991185426712036
175,1,2,rank_1,rank_2,True,False,True,True,True,True,1,1.0,0.495109498500824,0.7710224390029907,0.8003612756729126
176,4,4,rank_4_5,rank_4_5,False,False,True,True,True,True,0,0.31173440001721425,0.5046325922012329,0.8890402913093567,0.8534729480743408
177,1,1,rank_1,rank_1,True,True,True,True,True,True,0,1.0,0.7569435834884644,0.791326105594635,0.8904256820678711
178,1,1,rank_1,rank_1,True,True,True,True,True,True,0,0.5307454018200396,0.7892265915870667,0.7925800085067749,0.9061098098754883
179,1,1,rank_1,rank_1,True,True,True,True,True,True,0,1.0,0.774167537689209,0.8235902786254883,0.9166284799575806
180,1,1,rank_1,rank_1,True,True,True,True,True,True,0,1.0,0.9001291394233704,0.7122948169708252,0.930128812789917
181,1,2,rank_1,rank_2,True,False,True,True,True,True,1,1.0,0.7003446817398071,0.9442934393882751,0.9449288249015808
182,1,1,rank_1,rank_1,True,True,True,True,True,True,0,1.0,0.8022401928901672,0.8735288977622986,0.9632387161254883
183,3,4,rank_3,rank_4_5,False,False,True,True,True,True,1,0.17876233847516307,0.5444381833076477,0.966272234916687,0.8944684267044067
184,1,1,rank_1,rank_1,True,True,True,True,True,True,0,0.6908717005625833,0.8256494998931885,0.7207943201065063,0.8818626403808594
185,3,3,rank_3,rank_3,False,False,True,True,True,True,0,0.2826078769469353,0.25437137484550476,0.903748095035553,0.7871623039245605
186,1,1,rank_1,rank_1,True,True,True,True,True,True,0,0.2527111043785437,0.1539156138896942,0.9198369979858398,0.753874659538269
187,1,1,rank_1,rank_1,True,True,True,True,True,True,0,0.2649706432066665,0.2421291172504425,0.9131003618240356,0.7861758470535278
188,4,4,rank_4_5,rank_4_5,False,False,True,True,True,True,0,0.2884450215693967,0.5809178948402405,0.9007320404052734,0.8806384205818176
189,3,3,rank_3,rank_3,False,False,True,True,True,True,0,0.23183510265353408,0.19013074040412903,0.9318289756774902,0.7730807065963745
190,1,1,rank_1,rank_1,True,True,True,True,True,True,0,0.2595155701492029,0.23928864300251007,0.9160723686218262,0.7861758470535278
191,3,3,rank_3,rank_3,False,False,True,True,True,True,0,0.2610050482097534,0.3412730097770691,0.9152568578720093,0.8175321817398071
192,3,3,rank_3,rank_3,False,False,True,True,True,True,0,0.7751917023621372,0.8236902952194214,0.6750849485397339,0.8536064624786377
193,2,2,rank_2,rank_2,False,False,True,True,True,True,0,0.4011818888990652,0.38943198323249817,0.847777247428894,0.8061018586158752
194,1,1,rank_1,rank_1,True,True,True,True,True,True,0,1.0,0.8661384582519531,0.7691884636878967,0.9402786493301392
195,1,1,rank_1,rank_1,True,True,True,True,True,True,0,1.0,0.8880584836006165,0.7386828660964966,0.9377356767654419
196,1,1,rank_1,rank_1,True,True,True,True,True,True,0,0.5861469766586043,0.8729636669158936,0.7688724398612976,0.9460077881813049
197,5,5,rank_4_5,rank_4_5,False,False,True,True,True,True,0,0.2845683574064374,0.5205086469650269,0.9027309417724609,0.863344132900238
198,1,1,rank_1,rank_1,True,True,True,True,True,True,0,1.0,0.8218127489089966,0.8574576377868652,0.9668416976928711
199,2,2,rank_2,rank_2,False,False,True,True,True,True,0,1.0,0.5816214084625244,0.9281840324401855,0.8920189738273621
200,3,2,rank_3,rank_2,False,False,True,True,True,True,-1,1.0,0.6695829629898071,0.9127588272094727,0.9167824387550354
201,1,1,rank_1,rank_1,True,True,True,True,True,True,0,1.0,0.8904798626899719,0.7417445182800293,0.942438006401062
202,1,1,rank_1,rank_1,True,True,True,True,True,True,0,0.952858612828737,0.7037102580070496,0.4886852502822876,0.7073693871498108
203,1,1,rank_1,rank_1,True,True,True,True,True,True,0,1.0,0.9178168773651123,0.6285662055015564,0.8885782957077026
204,1,1,rank_1,rank_1,True,True,True,True,True,True,0,1.0,0.7742306590080261,0.9017232656478882,0.9622079133987427
205,1,1,rank_1,rank_1,True,True,True,True,True,True,0,1.0,0.6443206071853638,0.883133590221405,0.8938707113265991
206,1,1,rank_1,rank_1,True,True,True,True,True,True,0,0.3554028899328899,0.6480095386505127,0.8683128952980042,0.8883514404296875
207,1,1,rank_1,rank_1,True,True,True,True,True,True,0,1.0,0.8441597819328308,0.7905583381652832,0.9379661083221436
208,1,1,rank_1,rank_1,True,True,True,True,True,True,0,1.0,0.8463584184646606,0.7979192733764648,0.9446766376495361
209,1,1,rank_1,rank_1,True,True,True,True,True,True,0,1.0,0.9440850019454956,0.6858081817626953,0.9725247621536255
210,1,1,rank_1,rank_1,True,True,True,True,True,True,0,1.0,0.9201324582099915,0.6719053983688354,0.9222226142883301
211,1,1,rank_1,rank_1,True,True,True,True,True,True,0,1.0,0.9596115946769714,0.645194411277771,0.9723341464996338
212,1,1,rank_1,rank_1,True,True,True,True,True,True,0,1.0,0.9600984454154968,0.6004902124404907,0.9330771565437317
213,1,1,rank_1,rank_1,True,True,True,True,True,True,0,1.0,0.9634085893630981,0.5857229232788086,0.9291819930076599
214,1,1,rank_1,rank_1,True,True,True,True,True,True,0,1.0,0.9604255557060242,0.6265465021133423,0.9568586349487305
215,1,1,rank_1,rank_1,True,True,True,True,True,True,0,1.0,0.888615071773529,0.7468268871307373,0.9444165229797363
216,1,1,rank_1,rank_1,True,True,True,True,True,True,0,0.5268913949713752,0.8857962489128113,0.7942101955413818,0.9790068864822388
217,1,1,rank_1,rank_1,True,True,True,True,True,True,0,0.9036208648108552,0.9763349294662476,0.5696550607681274,0.9595208764076233
218,1,1,rank_1,rank_1,True,True,True,True,True,True,0,0.6903937622630031,0.9262121319770813,0.7210301160812378,0.9712871313095093
219,1,1,rank_1,rank_1,True,True,True,True,True,True,0,0.4107592588847932,0.8274630308151245,0.8435910940170288,0.9617161750793457
220,1,1,rank_1,rank_1,True,True,True,True,True,True,0,0.6244045746700668,0.8269713521003723,0.7519842386245728,0.9017566442489624
221,1,3,rank_1,rank_3,True,False,True,True,True,True,2,1.0,0.5511928796768188,0.9104825854301453,0.8754457831382751
222,6,6,rank_6_10,rank_6_10,False,False,False,False,True,True,0,1.0,0.8026401400566101,0.806528627872467,0.9216306805610657
223,1,1,rank_1,rank_1,True,True,True,True,True,True,0,0.6251959116837591,0.6679921746253967,0.7516283988952637,0.8377698063850403
224,1,1,rank_1,rank_1,True,True,True,True,True,True,0,1.0,0.56369948387146,0.9299805164337158,0.8869737386703491
225,1,1,rank_1,rank_1,True,True,True,True,True,True,0,1.0,0.4187204837799072,0.9149187207221985,0.8392464518547058
226,1,1,rank_1,rank_1,True,True,True,True,True,True,0,1.0,0.8881361484527588,0.7548193335533142,0.950048565864563
227,9,9,rank_6_10,rank_6_10,False,False,False,False,True,True,0,0.354225894917586,0.6793646216392517,0.8688547611236572,0.89984130859375
228,6,6,rank_6_10,rank_6_10,False,False,False,False,True,True,0,0.9716706904021073,0.9845190048217773,0.4329478442668915,0.8851513862609863
229,1,1,rank_1,rank_1,True,True,True,True,True,True,0,0.33755746467780307,0.12588992714881897,0.8766211867332458,0.7257426977157593
230,1,1,rank_1,rank_1,True,True,True,True,True,True,0,0.4226532484640766,0.5153896808624268,0.838433027267456,0.8356623649597168
231,1,1,rank_1,rank_1,True,True,True,True,True,True,0,0.3151663421837565,0.6744398474693298,0.8873593211174011,0.9068150520324707
232,1,1,rank_1,rank_1,True,True,True,True,True,True,0,0.21641313619784633,0.5767877697944641,0.9411797523498535,0.8955675363540649
233,1,1,rank_1,rank_1,True,True,True,True,True,True,0,0.3504287588173785,0.5924404859542847,0.8706086874008179,0.871434211730957
234,1,1,rank_1,rank_1,True,True,True,True,True,True,0,1.0,0.731171190738678,0.8663725852966309,0.9198464155197144
235,1,1,rank_1,rank_1,True,True,True,True,True,True,0,1.0,0.8105236291885376,0.8266111612319946,0.9388392567634583
236,1,1,rank_1,rank_1,True,True,True,True,True,True,0,0.6012565355306189,0.8512486815452576,0.7622697353363037,0.9239358901977539
237,1,1,rank_1,rank_1,True,True,True,True,True,True,0,0.5891737360819865,0.7222456336021423,0.7675559520721436,0.8639425039291382
238,11,11,outside_top10,outside_top10,False,False,False,False,False,False,0,0.45792264204669886,0.6016369462013245,0.8233412504196167,0.8530111312866211
239,1,3,rank_1,rank_3,True,False,True,True,True,True,2,1.0,0.6385399103164673,0.9316155910491943,0.9132418632507324
240,7,7,rank_6_10,rank_6_10,False,False,False,False,True,True,0,1.0,0.7916637659072876,0.8764668703079224,0.9580241441726685
241,3,3,rank_3,rank_3,False,False,True,True,True,True,0,0.3240951347319934,0.7503073215484619,0.8830314874649048,0.9380456209182739
242,11,11,outside_top10,outside_top10,False,False,False,False,False,False,0,1.0,0.687992513179779,0.898823618888855,0.9176440238952637
243,1,1,rank_1,rank_1,True,True,True,True,True,True,0,1.0,0.7033975720405579,0.9332585334777832,0.9410333037376404
244,1,1,rank_1,rank_1,True,True,True,True,True,True,0,1.0,0.8931558728218079,0.6971592903137207,0.9124346971511841
245,2,2,rank_2,rank_2,False,False,True,True,True,True,0,0.45851120580879223,0.4743475914001465,0.8230913877487183,0.8182533979415894
246,1,1,rank_1,rank_1,True,True,True,True,True,True,0,0.8762551277796272,0.9171215891838074,0.5992400050163269,0.8683574199676514
247,1,1,rank_1,rank_1,True,True,True,True,True,True,0,0.700820416634208,0.8882806301116943,0.7158393859863281,0.9212803840637207
248,1,1,rank_1,rank_1,True,True,True,True,True,True,0,0.6397214669228423,0.8772066235542297,0.7450413703918457,0.9324074983596802
249,1,1,rank_1,rank_1,True,True,True,True,True,True,0,1.0,0.7584018707275391,0.7486373782157898,0.8673266172409058
250,1,1,rank_1,rank_1,True,True,True,True,True,True,0,1.0,0.9636348485946655,0.5816106796264648,0.9263808131217957
251,2,2,rank_2,rank_2,False,False,True,True,True,True,0,1.0,0.9640622735023499,0.6028134822845459,0.9456552267074585
252,1,1,rank_1,rank_1,True,True,True,True,True,True,0,1.0,0.6535748243331909,0.8220353126525879,0.8683136701583862
253,1,1,rank_1,rank_1,True,True,True,True,True,True,0,1.0,0.8422592878341675,0.7595505714416504,0.9159735441207886
254,1,1,rank_1,rank_1,True,True,True,True,True,True,0,1.0,0.7343060970306396,0.8740894794464111,0.925370454788208
255,1,1,rank_1,rank_1,True,True,True,True,True,True,0,1.0,0.7469669580459595,0.7806559801101685,0.8804028630256653
256,2,1,rank_2,rank_1,False,True,True,True,True,True,-1,1.0,0.4624641537666321,0.8897613286972046,0.8420720100402832
257,1,1,rank_1,rank_1,True,True,True,True,True,True,0,0.373827553977044,0.7085281014442444,0.8599289059638977,0.9068100452423096
258,1,1,rank_1,rank_1,True,True,True,True,True,True,0,1.0,0.797031581401825,0.7808114290237427,0.9031033515930176
259,1,1,rank_1,rank_1,True,True,True,True,True,True,0,1.0,0.8322809934616089,0.7033877968788147,0.874845027923584
260,3,3,rank_3,rank_3,False,False,True,True,True,True,0,1.0,0.8027167320251465,0.867903470993042,0.9599786996841431
261,1,1,rank_1,rank_1,True,True,True,True,True,True,0,1.0,0.6115548610687256,0.8188265562057495,0.8538305759429932
262,1,1,rank_1,rank_1,True,True,True,True,True,True,0,0.40889243157541977,0.7723435163497925,0.8444046378135681,0.9277037978172302
263,1,1,rank_1,rank_1,True,True,True,True,True,True,0,0.2995940944393913,0.6498939394950867,0.8950701951980591,0.9012628793716431
264,1,1,rank_1,rank_1,True,True,True,True,True,True,0,0.7617536087168726,0.8925111293792725,0.6830475330352783,0.902074933052063
265,1,1,rank_1,rank_1,True,True,True,True,True,True,0,0.20892824916665031,0.30769139528274536,0.9458918571472168,0.8175321817398071
266,1,1,rank_1,rank_1,True,True,True,True,True,True,0,0.7605491890889508,0.9098231196403503,0.683745801448822,0.9192090630531311
267,1,1,rank_1,rank_1,True,True,True,True,True,True,0,0.20245038605806154,0.30346542596817017,0.9500710964202881,0.8175321817398071
268,7,7,rank_6_10,rank_6_10,False,False,False,False,True,True,0,0.23293724479158864,0.1465698778629303,0.9311777949333191,0.753874659538269
269,1,1,rank_1,rank_1,True,True,True,True,True,True,0,1.0,0.8327370882034302,0.8040727972984314,0.9389065504074097
270,3,3,rank_3,rank_3,False,False,True,True,True,True,0,1.0,0.8243025541305542,0.8824353218078613,0.9860435724258423
271,1,1,rank_1,rank_1,True,True,True,True,True,True,0,1.0,0.6074092984199524,0.8577443361282349,0.8703665733337402
272,1,1,rank_1,rank_1,True,True,True,True,True,True,0,1.0,0.7002853155136108,0.8358205556869507,0.8913677930831909
273,1,1,rank_1,rank_1,True,True,True,True,True,True,0,1.0,0.951438307762146,0.617513120174408,0.927940309047699
274,1,1,rank_1,rank_1,True,True,True,True,True,True,0,0.4591305146823354,0.46820810437202454,0.8228285312652588,0.8165423274040222
275,1,1,rank_1,rank_1,True,True,True,True,True,True,0,0.4739004012794797,0.6583526134490967,0.8165727853775024,0.8672091960906982
276,1,1,rank_1,rank_1,True,True,True,True,True,True,0,1.0,0.940828800201416,0.6926385164260864,0.9720996618270874
277,1,1,rank_1,rank_1,True,True,True,True,True,True,0,1.0,0.7719875574111938,0.7236009836196899,0.8587868809700012
278,1,1,rank_1,rank_1,True,True,True,True,True,True,0,1.0,0.7495442032814026,0.7859629392623901,0.8843599557876587
279,1,1,rank_1,rank_1,True,True,True,True,True,True,0,1.0,0.7043213844299316,0.8617441654205322,0.9060255289077759
280,1,1,rank_1,rank_1,True,True,True,True,True,True,0,0.20738123901789257,0.6328502893447876,0.9468810558319092,0.9175984859466553
281,3,3,rank_3,rank_3,False,False,True,True,True,True,0,1.0,0.9178945422172546,0.68373703956604,0.9284839630126953
282,2,2,rank_2,rank_2,False,False,True,True,True,True,0,1.0,0.8248032927513123,0.866672694683075,0.9754860401153564
283,1,1,rank_1,rank_1,True,True,True,True,True,True,0,1.0,0.6991457343101501,0.8985809087753296,0.9221913814544678
284,1,1,rank_1,rank_1,True,True,True,True,True,True,0,1.0,0.5522711277008057,0.8411445617675781,0.8469250202178955
285,1,1,rank_1,rank_1,True,True,True,True,True,True,0,1.0,0.8790011405944824,0.7362171411514282,0.9276415109634399
286,1,1,rank_1,rank_1,True,True,True,True,True,True,0,1.0,0.5665674805641174,0.8786343336105347,0.8670670986175537
287,1,1,rank_1,rank_1,True,True,True,True,True,True,0,1.0,0.8768316507339478,0.794999897480011,0.9697206020355225
288,1,1,rank_1,rank_1,True,True,True,True,True,True,0,0.35041397350093456,0.578635573387146,0.870615541934967,0.8672617673873901
289,1,1,rank_1,rank_1,True,True,True,True,True,True,0,1.0,0.6311950087547302,0.9181356430053711,0.9047431349754333
290,1,1,rank_1,rank_1,True,True,True,True,True,True,0,1.0,0.7303895354270935,0.9166643619537354,0.9458662271499634
291,1,1,rank_1,rank_1,True,True,True,True,True,True,0,1.0,0.6552519202232361,0.9225233197212219,0.9156055450439453
292,2,2,rank_2,rank_2,False,False,True,True,True,True,0,1.0,0.6165785789489746,0.9054989814758301,0.8942256569862366
293,7,7,rank_6_10,rank_6_10,False,False,False,False,True,True,0,1.0,0.7574331760406494,0.9273226261138916,0.9666330218315125
294,1,1,rank_1,rank_1,True,True,True,True,True,True,0,1.0,0.7175070643424988,0.8123551607131958,0.8858259916305542
295,2,2,rank_2,rank_2,False,False,True,True,True,True,0,1.0,0.7657204270362854,0.8265540599822998,0.9141662120819092
296,3,3,rank_3,rank_3,False,False,True,True,True,True,0,1.0,0.5771758556365967,0.8860058784484863,0.8733493089675903
297,1,1,rank_1,rank_1,True,True,True,True,True,True,0,1.0,0.65683513879776,0.8726662397384644,0.8934462070465088
298,1,1,rank_1,rank_1,True,True,True,True,True,True,0,1.0,0.6477866172790527,0.8323764204978943,0.871403694152832
299,1,3,rank_1,rank_3,True,False,True,True,True,True,2,1.0,0.5532582402229309,0.9261069297790527,0.8821984529495239
300,1,1,rank_1,rank_1,True,True,True,True,True,True,0,0.5028091496050182,0.7089036703109741,0.8043745756149292,0.8784511685371399
301,1,1,rank_1,rank_1,True,True,True,True,True,True,0,1.0,0.9638148546218872,0.5786628723144531,0.9244387745857239
302,1,1,rank_1,rank_1,True,True,True,True,True,True,0,0.748430245001448,0.8481836318969727,0.6906428337097168,0.8759186267852783
303,1,1,rank_1,rank_1,True,True,True,True,True,True,0,0.18803435467520915,0.25028398633003235,0.9597455263137817,0.8033511638641357
304,2,2,rank_2,rank_2,False,False,True,True,True,True,0,0.23822695541743127,0.7326186895370483,0.9280816316604614,0.9529919028282166
305,2,2,rank_2,rank_2,False,False,True,True,True,True,0,1.0,0.6742855906486511,0.9087658524513245,0.9168028831481934
306,1,1,rank_1,rank_1,True,True,True,True,True,True,0,1.0,0.8225609660148621,0.7938027381896973,0.9255017638206482
307,3,2,rank_3,rank_2,False,False,True,True,True,True,-1,0.2285680270767006,0.6012548208236694,0.9337723255157471,0.9008240103721619
308,1,1,rank_1,rank_1,True,True,True,True,True,True,0,1.0,0.8640519976615906,0.8084473609924316,0.9674011468887329
309,1,2,rank_1,rank_2,True,False,True,True,True,True,1,1.0,0.7504369020462036,0.9210493564605713,0.959027886390686
310,3,2,rank_3,rank_2,False,False,True,True,True,True,-1,1.0,0.6588741540908813,0.9103995561599731,0.9115415811538696
311,1,1,rank_1,rank_1,True,True,True,True,True,True,0,1.0,0.8180619478225708,0.7881624698638916,0.919185996055603
312,1,1,rank_1,rank_1,True,True,True,True,True,True,0,1.0,0.9185190200805664,0.675816535949707,0.9232165813446045
313,1,1,rank_1,rank_1,True,True,True,True,True,True,0,0.7200876662558614,0.8978775143623352,0.7059643268585205,0.9231849312782288
314,1,1,rank_1,rank_1,True,True,True,True,True,True,0,1.0,0.8410742878913879,0.8185296058654785,0.9549230337142944
315,1,1,rank_1,rank_1,True,True,True,True,True,True,0,1.0,0.6805063486099243,0.8592119216918945,0.8955965042114258
316,1,1,rank_1,rank_1,True,True,True,True,True,True,0,1.0,0.7818387746810913,0.8875943422317505,0.958549976348877
317,1,1,rank_1,rank_1,True,True,True,True,True,True,0,1.0,0.6102194786071777,0.9420567750930786,0.9073190093040466
318,1,1,rank_1,rank_1,True,True,True,True,True,True,0,1.0,0.6746517419815063,0.7701963186264038,0.8493040800094604
319,1,1,rank_1,rank_1,True,True,True,True,True,True,0,1.0,0.6239696741104126,0.83344566822052,0.8643885254859924
320,1,1,rank_1,rank_1,True,True,True,True,True,True,0,0.48107295188720317,0.6744612455368042,0.8135425448417664,0.8710341453552246
321,1,1,rank_1,rank_1,True,True,True,True,True,True,0,1.0,0.8111756443977356,0.8556597232818604,0.9579150676727295
322,1,1,rank_1,rank_1,True,True,True,True,True,True,0,1.0,0.9204774498939514,0.6563413143157959,0.9110885858535767
323,1,1,rank_1,rank_1,True,True,True,True,True,True,0,1.0,0.7992916107177734,0.816807746887207,0.9260116219520569
324,1,1,rank_1,rank_1,True,True,True,True,True,True,0,1.0,0.7283178567886353,0.7960611581802368,0.8813761472702026
325,1,1,rank_1,rank_1,True,True,True,True,True,True,0,1.0,0.8400817513465881,0.7652928829193115,0.9182908535003662
326,1,1,rank_1,rank_1,True,True,True,True,True,True,0,1.0,0.8885786533355713,0.7505430579185486,0.9472154378890991
327,3,3,rank_3,rank_3,False,False,True,True,True,True,0,0.9621349272100852,0.9484612941741943,0.46456801891326904,0.8188725709915161
328,2,3,rank_2,rank_3,False,False,True,True,True,True,1,1.0,0.4490823447704315,0.9091704487800598,0.8456188440322876
329,3,3,rank_3,rank_3,False,False,True,True,True,True,0,0.21112525982772912,0.19165901839733124,0.9444960355758667,0.777499794960022
330,9,9,rank_6_10,rank_6_10,False,False,False,False,True,True,0,0.3996409764315469,0.461372047662735,0.8484537601470947,0.8254597187042236
331,3,3,rank_3,rank_3,False,False,True,True,True,True,0,0.2764308075476837,0.5514861345291138,0.9069811105728149,0.874144971370697
332,1,3,rank_1,rank_3,True,False,True,True,True,True,2,0.41201125883066914,0.7002554535865784,0.8430461287498474,0.8950082659721375
333,11,11,outside_top10,outside_top10,False,False,False,False,False,False,0,1.0,0.3665315806865692,0.9215341806411743,0.8268893957138062
334,1,1,rank_1,rank_1,True,True,True,True,True,True,0,0.3616823795124034,0.4289731979370117,0.8654349446296692,0.8236238956451416
335,1,1,rank_1,rank_1,True,True,True,True,True,True,0,0.5416517442068569,0.5914474129676819,0.7879572510719299,0.8335583209991455
336,1,1,rank_1,rank_1,True,True,True,True,True,True,0,1.0,0.695739209651947,0.9141948223114014,0.9283235669136047
337,1,1,rank_1,rank_1,True,True,True,True,True,True,0,0.7559713908136468,0.6959486603736877,0.6863781213760376,0.8121565580368042
338,1,2,rank_1,rank_2,True,False,True,True,True,True,1,0.6050564668973057,0.4313654601573944,0.7605963945388794,0.7795345783233643
339,1,1,rank_1,rank_1,True,True,True,True,True,True,0,0.5551185207590225,0.5524483323097229,0.7822255492210388,0.8203345537185669
340,4,4,rank_4_5,rank_4_5,False,False,True,True,True,True,0,1.0,0.8607227802276611,0.73923659324646,0.9152611494064331
341,1,1,rank_1,rank_1,True,True,True,True,True,True,0,1.0,0.9266999363899231,0.6528321504592896,0.9161257743835449
342,1,1,rank_1,rank_1,True,True,True,True,True,True,0,1.0,0.8557165861129761,0.8006236553192139,0.9541288614273071
343,2,1,rank_2,rank_1,False,True,True,True,True,True,-1,1.0,0.4355440139770508,0.8704402446746826,0.8273366689682007
344,11,11,outside_top10,outside_top10,False,False,False,False,False,False,0,0.8253332628070523,0.5686637759208679,0.6418783068656921,0.7545615434646606
345,1,1,rank_1,rank_1,True,True,True,True,True,True,0,1.0,0.8828668594360352,0.6652314066886902,0.882530927658081
346,3,3,rank_3,rank_3,False,False,True,True,True,True,0,0.5362254075247956,0.6475597620010376,0.790259063243866,0.8509336709976196
347,1,1,rank_1,rank_1,True,True,True,True,True,True,0,1.0,0.7936391234397888,0.8325672149658203,0.9323687553405762
348,1,1,rank_1,rank_1,True,True,True,True,True,True,0,0.29050578030764135,0.23832887411117554,0.8996759653091431,0.7804413437843323
349,5,6,rank_4_5,rank_6_10,False,False,True,False,True,True,1,1.0,0.6224335432052612,0.9417685270309448,0.9115896224975586
350,1,1,rank_1,rank_1,True,True,True,True,True,True,0,0.6142885384078323,0.6424115896224976,0.756507158279419,0.8326342701911926
351,2,2,rank_2,rank_2,False,False,True,True,True,True,0,0.9303066601799763,0.952118456363678,0.5324174165725708,0.8670844435691833
352,5,5,rank_4_5,rank_4_5,False,False,True,True,True,True,0,0.5224522441109923,0.5218438506126404,0.7960864305496216,0.8187022805213928
353,6,5,rank_6_10,rank_4_5,False,False,False,True,True,True,-1,0.27261127391979667,0.6163948178291321,0.9090026021003723,0.8956620693206787
354,1,1,rank_1,rank_1,True,True,True,True,True,True,0,0.2393518041004382,0.6543657779693604,0.9274293184280396,0.9174455404281616
355,11,11,outside_top10,outside_top10,False,False,False,False,False,False,0,0.2748764942362786,0.08601489663124084,0.907801628112793,0.7107922434806824
356,5,5,rank_4_5,rank_4_5,False,False,True,True,True,True,0,0.22036030259475772,0.2414674162864685,0.9387423396110535,0.7940609455108643
357,2,1,rank_2,rank_1,False,True,True,True,True,True,-1,0.3291390022572968,0.4751914143562317,0.8806142807006836,0.8420273065567017
358,1,1,rank_1,rank_1,True,True,True,True,True,True,0,1.0,0.9124137759208679,0.6421562433242798,0.8923890590667725
359,1,1,rank_1,rank_1,True,True,True,True,True,True,0,0.7035710956613337,0.5751863121986389,0.7144529223442078,0.7933491468429565
360,1,1,rank_1,rank_1,True,True,True,True,True,True,0,1.0,0.915747880935669,0.6971250772476196,0.9362101554870605
361,1,1,rank_1,rank_1,True,True,True,True,True,True,0,1.0,0.8926146626472473,0.7107230424880981,0.9215887188911438
362,1,1,rank_1,rank_1,True,True,True,True,True,True,0,0.6717757353851881,0.7538297176361084,0.7300666570663452,0.8552761077880859
363,1,1,rank_1,rank_1,True,True,True,True,True,True,0,1.0,0.8113266825675964,0.860858678817749,0.9614076018333435
364,1,1,rank_1,rank_1,True,True,True,True,True,True,0,0.6797694682420085,0.6485922932624817,0.726220965385437,0.8190597295761108
365,1,1,rank_1,rank_1,True,True,True,True,True,True,0,0.5884145098014403,0.7726442813873291,0.7678864002227783,0.8840669989585876
366,11,11,outside_top10,outside_top10,False,False,False,False,False,False,0,0.2134944733939287,0.3204624056816101,0.9430028200149536,0.8204849362373352
367,1,1,rank_1,rank_1,True,True,True,True,True,True,0,1.0,0.8278051614761353,0.8495392799377441,0.966052234172821
368,1,1,rank_1,rank_1,True,True,True,True,True,True,0,1.0,0.919444739818573,0.6857348680496216,0.9319590330123901
369,1,1,rank_1,rank_1,True,True,True,True,True,True,0,1.0,0.7737399935722351,0.7585521340370178,0.8792496919631958
370,1,1,rank_1,rank_1,True,True,True,True,True,True,0,0.7823812295854093,0.8616648316383362,0.670685887336731,0.8716458082199097
371,1,1,rank_1,rank_1,True,True,True,True,True,True,0,1.0,0.877424418926239,0.7314131855964661,0.9228945970535278
372,1,1,rank_1,rank_1,True,True,True,True,True,True,0,0.27985939792386894,0.4331497251987457,0.9051811695098877,0.8397520780563354
373,1,1,rank_1,rank_1,True,True,True,True,True,True,0,0.545054861523882,0.8102351427078247,0.7865116596221924,0.9136316180229187
374,1,1,rank_1,rank_1,True,True,True,True,True,True,0,1.0,0.9617167115211487,0.5840343236923218,0.9235020875930786
375,1,1,rank_1,rank_1,True,True,True,True,True,True,0,1.0,0.8914375901222229,0.6116982698440552,0.8548680543899536
376,1,1,rank_1,rank_1,True,True,True,True,True,True,0,0.8952895769329844,0.9222224354743958,0.5793702602386475,0.8605121970176697
377,11,11,outside_top10,outside_top10,False,False,False,False,False,False,0,0.1953811172403823,0.584576427936554,0.9547476768493652,0.903455376625061
378,1,1,rank_1,rank_1,True,True,True,True,True,True,0,0.7838693451121796,0.6166502237319946,0.669762372970581,0.7812227010726929
379,3,2,rank_3,rank_2,False,False,True,True,True,True,-1,1.0,0.6038402915000916,0.8763655424118042,0.8774772882461548
380,1,1,rank_1,rank_1,True,True,True,True,True,True,0,0.5693037695217149,0.386740118265152,0.7761504650115967,0.7752059698104858
381,1,1,rank_1,rank_1,True,True,True,True,True,True,0,1.0,0.7770749926567078,0.8000810146331787,0.9045020341873169
382,1,1,rank_1,rank_1,True,True,True,True,True,True,0,1.0,0.8351855874061584,0.7185282707214355,0.8856905102729797
383,1,1,rank_1,rank_1,True,True,True,True,True,True,0,0.7576579328801799,0.6737298965454102,0.6854124069213867,0.805057942867279
384,1,1,rank_1,rank_1,True,True,True,True,True,True,0,1.0,0.9374827146530151,0.61674964427948,0.9039921760559082
385,1,2,rank_1,rank_2,True,False,True,True,True,True,1,0.661714145827081,0.556269109249115,0.7348397970199585,0.7986150979995728
386,2,2,rank_2,rank_2,False,False,True,True,True,True,0,1.0,0.7241283059120178,0.8274096846580505,0.8963203430175781
387,3,3,rank_3,rank_3,False,False,True,True,True,True,0,1.0,0.8813635110855103,0.7921097278594971,0.972266435623169
388,6,5,rank_6_10,rank_4_5,False,False,False,True,True,True,-1,0.32374565441418157,0.6137404441833496,0.8831996917724609,0.8836275339126587
389,1,1,rank_1,rank_1,True,True,True,True,True,True,0,0.4478316871607305,0.506294310092926,0.8276339769363403,0.8285937309265137
390,3,3,rank_3,rank_3,False,False,True,True,True,True,0,1.0,0.7448288798332214,0.8288254141807556,0.9057971239089966
391,1,1,rank_1,rank_1,True,True,True,True,True,True,0,1.0,0.7953361868858337,0.8285211324691772,0.9308860898017883
392,5,5,rank_4_5,rank_4_5,False,False,True,True,True,True,0,0.9345447134182364,0.9241387844085693,0.5253256559371948,0.8286635875701904
393,3,1,rank_3,rank_1,False,True,True,True,True,True,-2,0.197255192469577,0.2761828601360321,0.9534956216812134,0.8100200295448303
394,1,1,rank_1,rank_1,True,True,True,True,True,True,0,0.9059966105243391,0.7992263436317444,0.5667476058006287,0.7814228534698486
395,1,1,rank_1,rank_1,True,True,True,True,True,True,0,0.7160515974321321,0.6336106061935425,0.7080657482147217,0.8055593967437744
396,1,1,rank_1,rank_1,True,True,True,True,True,True,0,1.0,0.9369412064552307,0.6864802241325378,0.9589791893959045
397,4,3,rank_4_5,rank_3,False,False,True,True,True,True,-1,1.0,0.7115478515625,0.8327434659004211,0.8941106200218201
398,1,1,rank_1,rank_1,True,True,True,True,True,True,0,0.5431588403325657,0.5593575835227966,0.7873172760009766,0.8245455026626587
399,1,2,rank_1,rank_2,True,False,True,True,True,True,1,1.0,0.5272956490516663,0.8810401558876038,0.8566755056381226
