seed,split,n_calibration,n_evaluation,rho,candidate_pool,uncertainty_k,R@1,R@5,R@10,count@1,count@5,count@10,mean_alpha
1,calibration,222,518,0.5,10,10,82.88288288288288,89.63963963963964,91.44144144144144,184,199,203,0.3603297770023346
1,calibration,222,518,1.0,10,10,83.78378378378379,89.63963963963964,91.44144144144144,186,199,203,0.5052294135093689
1,calibration,222,518,1.5,10,10,83.33333333333334,89.1891891891892,91.44144144144144,185,198,203,0.5911201238632202
1,calibration,222,518,2.0,10,10,85.13513513513513,88.73873873873875,91.44144144144144,189,197,203,0.649341344833374
1,calibration,222,518,3.0,10,10,84.68468468468468,88.73873873873875,91.44144144144144,188,197,203,0.7245222330093384
1,calibration,222,518,4.0,10,10,84.68468468468468,89.1891891891892,91.44144144144144,188,198,203,0.771639347076416
1,calibration,222,518,6.0,10,10,85.13513513513513,89.1891891891892,91.44144144144144,189,198,203,0.8282293081283569
1,calibration,222,518,8.0,10,10,84.68468468468468,88.73873873873875,91.44144144144144,188,197,203,0.8613857626914978
1,calibration,222,518,10.0,10,10,83.78378378378379,88.28828828828829,91.44144144144144,186,196,203,0.8833202719688416
1,calibration,222,518,0.5,20,10,81.98198198198197,90.09009009009009,91.8918918918919,182,200,204,0.3603297770023346
1,calibration,222,518,1.0,20,10,82.88288288288288,90.54054054054053,91.44144144144144,184,201,203,0.5052294135093689
1,calibration,222,518,1.5,20,10,83.78378378378379,90.09009009009009,91.8918918918919,186,200,204,0.5911201238632202
1,calibration,222,518,2.0,20,10,85.58558558558559,89.1891891891892,91.8918918918919,190,198,204,0.649341344833374
1,calibration,222,518,3.0,20,10,84.68468468468468,88.73873873873875,91.8918918918919,188,197,204,0.7245222330093384
1,calibration,222,518,4.0,20,10,84.68468468468468,88.73873873873875,91.8918918918919,188,197,204,0.771639347076416
1,calibration,222,518,6.0,20,10,85.13513513513513,89.63963963963964,91.8918918918919,189,199,204,0.8282293081283569
1,calibration,222,518,8.0,20,10,84.68468468468468,89.1891891891892,91.8918918918919,188,198,204,0.8613857626914978
1,calibration,222,518,10.0,20,10,83.78378378378379,88.73873873873875,91.8918918918919,186,197,204,0.8833202719688416
1,calibration,222,518,0.5,50,10,81.08108108108108,89.1891891891892,91.8918918918919,180,198,204,0.3603297770023346
1,calibration,222,518,1.0,50,10,82.43243243243244,90.09009009009009,91.8918918918919,183,200,204,0.5052294135093689
1,calibration,222,518,1.5,50,10,83.33333333333334,90.09009009009009,91.8918918918919,185,200,204,0.5911201238632202
1,calibration,222,518,2.0,50,10,85.13513513513513,89.1891891891892,91.8918918918919,189,198,204,0.649341344833374
1,calibration,222,518,3.0,50,10,84.68468468468468,88.73873873873875,92.34234234234235,188,197,205,0.7245222330093384
1,calibration,222,518,4.0,50,10,84.68468468468468,88.73873873873875,91.8918918918919,188,197,204,0.771639347076416
1,calibration,222,518,6.0,50,10,85.13513513513513,89.63963963963964,91.8918918918919,189,199,204,0.8282293081283569
1,calibration,222,518,8.0,50,10,84.68468468468468,89.1891891891892,91.8918918918919,188,198,204,0.8613857626914978
1,calibration,222,518,10.0,50,10,83.78378378378379,88.73873873873875,91.8918918918919,186,197,204,0.8833202719688416
1,calibration,222,518,0.5,100,10,81.08108108108108,88.73873873873875,90.990990990991,180,197,202,0.3603297770023346
1,calibration,222,518,1.0,100,10,82.43243243243244,90.09009009009009,92.34234234234235,183,200,205,0.5052294135093689
1,calibration,222,518,1.5,100,10,83.33333333333334,90.09009009009009,92.34234234234235,185,200,205,0.5911201238632202
1,calibration,222,518,2.0,100,10,85.13513513513513,89.1891891891892,92.34234234234235,189,198,205,0.649341344833374
1,calibration,222,518,3.0,100,10,84.68468468468468,88.73873873873875,92.34234234234235,188,197,205,0.7245222330093384
1,calibration,222,518,4.0,100,10,84.68468468468468,88.73873873873875,91.8918918918919,188,197,204,0.771639347076416
1,calibration,222,518,6.0,100,10,85.13513513513513,89.63963963963964,91.8918918918919,189,199,204,0.8282293081283569
1,calibration,222,518,8.0,100,10,84.68468468468468,89.1891891891892,91.8918918918919,188,198,204,0.8613857626914978
1,calibration,222,518,10.0,100,10,83.78378378378379,88.73873873873875,91.8918918918919,186,197,204,0.8833202719688416
7,calibration,222,518,0.5,10,10,83.78378378378379,91.44144144144144,93.24324324324324,186,203,207,0.3578861653804779
7,calibration,222,518,1.0,10,10,86.03603603603604,91.44144144144144,93.24324324324324,191,203,207,0.5028861165046692
7,calibration,222,518,1.5,10,10,86.03603603603604,91.44144144144144,93.24324324324324,191,203,207,0.5892797708511353
7,calibration,222,518,2.0,10,10,86.48648648648648,91.8918918918919,93.24324324324324,192,204,207,0.6479908227920532
7,calibration,222,518,3.0,10,10,86.03603603603604,91.8918918918919,93.24324324324324,191,204,207,0.723937451839447
7,calibration,222,518,4.0,10,10,86.03603603603604,91.8918918918919,93.24324324324324,191,204,207,0.771579921245575
7,calibration,222,518,6.0,10,10,85.58558558558559,91.8918918918919,93.24324324324324,190,204,207,0.8287943005561829
7,calibration,222,518,8.0,10,10,84.68468468468468,91.8918918918919,93.24324324324324,188,204,207,0.8622759580612183
7,calibration,222,518,10.0,10,10,84.68468468468468,91.8918918918919,93.24324324324324,188,204,207,0.8843870162963867
7,calibration,222,518,0.5,20,10,82.88288288288288,90.990990990991,92.7927927927928,184,202,206,0.3578861653804779
7,calibration,222,518,1.0,20,10,86.03603603603604,91.44144144144144,92.7927927927928,191,203,206,0.5028861165046692
7,calibration,222,518,1.5,20,10,86.48648648648648,91.8918918918919,92.7927927927928,192,204,206,0.5892797708511353
7,calibration,222,518,2.0,20,10,86.93693693693693,91.8918918918919,92.7927927927928,193,204,206,0.6479908227920532
7,calibration,222,518,3.0,20,10,86.03603603603604,91.8918918918919,92.7927927927928,191,204,206,0.723937451839447
7,calibration,222,518,4.0,20,10,86.03603603603604,91.8918918918919,92.7927927927928,191,204,206,0.771579921245575
7,calibration,222,518,6.0,20,10,85.58558558558559,91.8918918918919,93.24324324324324,190,204,207,0.8287943005561829
7,calibration,222,518,8.0,20,10,84.68468468468468,91.44144144144144,93.24324324324324,188,203,207,0.8622759580612183
7,calibration,222,518,10.0,20,10,84.68468468468468,91.8918918918919,93.24324324324324,188,204,207,0.8843870162963867
7,calibration,222,518,0.5,50,10,81.08108108108108,91.44144144144144,92.7927927927928,180,203,206,0.3578861653804779
7,calibration,222,518,1.0,50,10,85.13513513513513,92.7927927927928,93.24324324324324,189,206,207,0.5028861165046692
7,calibration,222,518,1.5,50,10,86.03603603603604,92.7927927927928,93.24324324324324,191,206,207,0.5892797708511353
7,calibration,222,518,2.0,50,10,86.48648648648648,92.7927927927928,93.24324324324324,192,206,207,0.6479908227920532
7,calibration,222,518,3.0,50,10,86.03603603603604,91.8918918918919,93.69369369369369,191,204,208,0.723937451839447
7,calibration,222,518,4.0,50,10,86.03603603603604,91.8918918918919,92.7927927927928,191,204,206,0.771579921245575
7,calibration,222,518,6.0,50,10,85.58558558558559,91.8918918918919,92.7927927927928,190,204,206,0.8287943005561829
7,calibration,222,518,8.0,50,10,84.68468468468468,91.44144144144144,92.7927927927928,188,203,206,0.8622759580612183
7,calibration,222,518,10.0,50,10,84.68468468468468,91.44144144144144,93.24324324324324,188,203,207,0.8843870162963867
7,calibration,222,518,0.5,100,10,80.63063063063063,90.54054054054053,92.34234234234235,179,201,205,0.3578861653804779
7,calibration,222,518,1.0,100,10,84.68468468468468,92.34234234234235,92.7927927927928,188,205,206,0.5028861165046692
7,calibration,222,518,1.5,100,10,86.03603603603604,92.7927927927928,93.24324324324324,191,206,207,0.5892797708511353
7,calibration,222,518,2.0,100,10,86.48648648648648,92.7927927927928,93.24324324324324,192,206,207,0.6479908227920532
7,calibration,222,518,3.0,100,10,86.03603603603604,91.8918918918919,93.69369369369369,191,204,208,0.723937451839447
7,calibration,222,518,4.0,100,10,86.03603603603604,91.8918918918919,92.7927927927928,191,204,206,0.771579921245575
7,calibration,222,518,6.0,100,10,85.58558558558559,91.8918918918919,92.7927927927928,190,204,206,0.8287943005561829
7,calibration,222,518,8.0,100,10,84.68468468468468,91.44144144144144,92.7927927927928,188,203,206,0.8622759580612183
7,calibration,222,518,10.0,100,10,84.68468468468468,91.44144144144144,93.24324324324324,188,203,207,0.8843870162963867
21,calibration,222,518,0.5,10,10,85.58558558558559,92.7927927927928,93.69369369369369,190,206,208,0.3626212179660797
21,calibration,222,518,1.0,10,10,86.03603603603604,92.7927927927928,93.69369369369369,191,206,208,0.5070372819900513
21,calibration,222,518,1.5,10,10,86.03603603603604,92.7927927927928,93.69369369369369,191,206,208,0.5921648144721985
21,calibration,222,518,2.0,10,10,86.93693693693693,92.7927927927928,93.69369369369369,193,206,208,0.6497007012367249
21,calibration,222,518,3.0,10,10,86.93693693693693,92.7927927927928,93.69369369369369,193,206,208,0.7238472104072571
21,calibration,222,518,4.0,10,10,87.38738738738738,92.7927927927928,93.69369369369369,194,206,208,0.7702720761299133
21,calibration,222,518,6.0,10,10,87.38738738738738,92.34234234234235,93.69369369369369,194,205,208,0.8260698318481445
21,calibration,222,518,8.0,10,10,86.93693693693693,91.8918918918919,93.69369369369369,193,204,208,0.8588494658470154
21,calibration,222,518,10.0,10,10,86.93693693693693,91.8918918918919,93.69369369369369,193,204,208,0.8806113600730896
21,calibration,222,518,0.5,20,10,85.13513513513513,90.990990990991,93.69369369369369,189,202,208,0.3626212179660797
21,calibration,222,518,1.0,20,10,85.58558558558559,92.34234234234235,93.69369369369369,190,205,208,0.5070372819900513
21,calibration,222,518,1.5,20,10,86.03603603603604,92.34234234234235,93.69369369369369,191,205,208,0.5921648144721985
21,calibration,222,518,2.0,20,10,86.93693693693693,92.34234234234235,93.69369369369369,193,205,208,0.6497007012367249
21,calibration,222,518,3.0,20,10,86.93693693693693,91.8918918918919,93.69369369369369,193,204,208,0.7238472104072571
21,calibration,222,518,4.0,20,10,87.38738738738738,91.8918918918919,93.69369369369369,194,204,208,0.7702720761299133
21,calibration,222,518,6.0,20,10,87.38738738738738,92.34234234234235,93.69369369369369,194,205,208,0.8260698318481445
21,calibration,222,518,8.0,20,10,86.93693693693693,91.8918918918919,93.69369369369369,193,204,208,0.8588494658470154
21,calibration,222,518,10.0,20,10,86.93693693693693,91.8918918918919,93.69369369369369,193,204,208,0.8806113600730896
21,calibration,222,518,0.5,50,10,83.78378378378379,90.09009009009009,94.5945945945946,186,200,210,0.3626212179660797
21,calibration,222,518,1.0,50,10,85.58558558558559,92.34234234234235,94.5945945945946,190,205,210,0.5070372819900513
21,calibration,222,518,1.5,50,10,86.03603603603604,92.34234234234235,94.14414414414415,191,205,209,0.5921648144721985
21,calibration,222,518,2.0,50,10,86.93693693693693,92.34234234234235,94.14414414414415,193,205,209,0.6497007012367249
21,calibration,222,518,3.0,50,10,86.93693693693693,91.8918918918919,94.14414414414415,193,204,209,0.7238472104072571
21,calibration,222,518,4.0,50,10,87.38738738738738,91.8918918918919,94.14414414414415,194,204,209,0.7702720761299133
21,calibration,222,518,6.0,50,10,87.38738738738738,92.34234234234235,94.14414414414415,194,205,209,0.8260698318481445
21,calibration,222,518,8.0,50,10,86.93693693693693,91.8918918918919,94.14414414414415,193,204,209,0.8588494658470154
21,calibration,222,518,10.0,50,10,86.93693693693693,91.8918918918919,94.14414414414415,193,204,209,0.8806113600730896
21,calibration,222,518,0.5,100,10,83.78378378378379,90.54054054054053,92.7927927927928,186,201,206,0.3626212179660797
21,calibration,222,518,1.0,100,10,85.58558558558559,92.7927927927928,93.69369369369369,190,206,208,0.5070372819900513
21,calibration,222,518,1.5,100,10,86.03603603603604,92.7927927927928,94.14414414414415,191,206,209,0.5921648144721985
21,calibration,222,518,2.0,100,10,86.93693693693693,92.7927927927928,94.14414414414415,193,206,209,0.6497007012367249
21,calibration,222,518,3.0,100,10,86.93693693693693,92.34234234234235,94.14414414414415,193,205,209,0.7238472104072571
21,calibration,222,518,4.0,100,10,87.38738738738738,92.34234234234235,94.14414414414415,194,205,209,0.7702720761299133
21,calibration,222,518,6.0,100,10,87.38738738738738,92.7927927927928,94.14414414414415,194,206,209,0.8260698318481445
21,calibration,222,518,8.0,100,10,86.93693693693693,92.34234234234235,94.14414414414415,193,205,209,0.8588494658470154
21,calibration,222,518,10.0,100,10,86.93693693693693,92.34234234234235,94.14414414414415,193,205,209,0.8806113600730896
42,calibration,222,518,0.5,10,10,81.53153153153153,90.09009009009009,92.34234234234235,181,200,205,0.3597645163536072
42,calibration,222,518,1.0,10,10,83.33333333333334,90.09009009009009,92.34234234234235,185,200,205,0.502882182598114
42,calibration,222,518,1.5,10,10,85.13513513513513,90.990990990991,92.34234234234235,189,202,205,0.5876196026802063
42,calibration,222,518,2.0,10,10,85.13513513513513,90.990990990991,92.34234234234235,189,202,205,0.645152747631073
42,calibration,222,518,3.0,10,10,85.58558558558559,90.990990990991,92.34234234234235,190,202,205,0.7197359204292297
42,calibration,222,518,4.0,10,10,85.58558558558559,90.990990990991,92.34234234234235,190,202,205,0.7667623162269592
42,calibration,222,518,6.0,10,10,84.68468468468468,91.8918918918919,92.34234234234235,188,204,205,0.8236983418464661
42,calibration,222,518,8.0,10,10,84.23423423423422,91.8918918918919,92.34234234234235,187,204,205,0.857380211353302
42,calibration,222,518,10.0,10,10,84.23423423423422,91.8918918918919,92.34234234234235,187,204,205,0.879835844039917
42,calibration,222,518,0.5,20,10,81.08108108108108,89.63963963963964,92.34234234234235,180,199,205,0.3597645163536072
42,calibration,222,518,1.0,20,10,81.98198198198197,90.09009009009009,91.8918918918919,182,200,204,0.502882182598114
42,calibration,222,518,1.5,20,10,84.23423423423422,90.990990990991,91.8918918918919,187,202,204,0.5876196026802063
42,calibration,222,518,2.0,20,10,85.13513513513513,90.54054054054053,91.44144144144144,189,201,203,0.645152747631073
42,calibration,222,518,3.0,20,10,85.58558558558559,90.990990990991,91.44144144144144,190,202,203,0.7197359204292297
42,calibration,222,518,4.0,20,10,85.58558558558559,90.990990990991,91.44144144144144,190,202,203,0.7667623162269592
42,calibration,222,518,6.0,20,10,84.68468468468468,91.44144144144144,92.34234234234235,188,203,205,0.8236983418464661
42,calibration,222,518,8.0,20,10,84.23423423423422,91.8918918918919,92.34234234234235,187,204,205,0.857380211353302
42,calibration,222,518,10.0,20,10,84.23423423423422,91.8918918918919,92.34234234234235,187,204,205,0.879835844039917
42,calibration,222,518,0.5,50,10,80.63063063063063,88.28828828828829,91.44144144144144,179,196,203,0.3597645163536072
42,calibration,222,518,1.0,50,10,81.53153153153153,90.09009009009009,92.34234234234235,181,200,205,0.502882182598114
42,calibration,222,518,1.5,50,10,84.23423423423422,90.990990990991,92.34234234234235,187,202,205,0.5876196026802063
42,calibration,222,518,2.0,50,10,84.68468468468468,91.44144144144144,92.7927927927928,188,203,206,0.645152747631073
42,calibration,222,518,3.0,50,10,85.58558558558559,90.990990990991,92.7927927927928,190,202,206,0.7197359204292297
42,calibration,222,518,4.0,50,10,85.58558558558559,90.990990990991,92.34234234234235,190,202,205,0.7667623162269592
42,calibration,222,518,6.0,50,10,84.68468468468468,91.44144144144144,92.7927927927928,188,203,206,0.8236983418464661
42,calibration,222,518,8.0,50,10,84.23423423423422,91.8918918918919,92.7927927927928,187,204,206,0.857380211353302
42,calibration,222,518,10.0,50,10,84.23423423423422,91.8918918918919,92.7927927927928,187,204,206,0.879835844039917
42,calibration,222,518,0.5,100,10,80.18018018018019,88.73873873873875,90.09009009009009,178,197,200,0.3597645163536072
42,calibration,222,518,1.0,100,10,81.53153153153153,90.54054054054053,91.8918918918919,181,201,204,0.502882182598114
42,calibration,222,518,1.5,100,10,84.23423423423422,91.44144144144144,92.34234234234235,187,203,205,0.5876196026802063
42,calibration,222,518,2.0,100,10,84.68468468468468,91.8918918918919,92.7927927927928,188,204,206,0.645152747631073
42,calibration,222,518,3.0,100,10,85.58558558558559,91.44144144144144,92.7927927927928,190,203,206,0.7197359204292297
42,calibration,222,518,4.0,100,10,85.58558558558559,91.44144144144144,92.34234234234235,190,203,205,0.7667623162269592
42,calibration,222,518,6.0,100,10,84.68468468468468,91.8918918918919,92.7927927927928,188,204,206,0.8236983418464661
42,calibration,222,518,8.0,100,10,84.23423423423422,92.34234234234235,92.7927927927928,187,205,206,0.857380211353302
42,calibration,222,518,10.0,100,10,84.23423423423422,92.34234234234235,92.7927927927928,187,205,206,0.879835844039917
100,calibration,222,518,0.5,10,10,85.13513513513513,94.14414414414415,95.94594594594594,189,209,213,0.358639121055603
100,calibration,222,518,1.0,10,10,86.48648648648648,94.14414414414415,95.94594594594594,192,209,213,0.5023970603942871
100,calibration,222,518,1.5,10,10,86.48648648648648,94.5945945945946,95.94594594594594,192,210,213,0.5877648591995239
100,calibration,222,518,2.0,10,10,87.83783783783784,94.5945945945946,95.94594594594594,195,210,213,0.6457453370094299
100,calibration,222,518,3.0,10,10,87.83783783783784,95.04504504504504,95.94594594594594,195,211,213,0.720840334892273
100,calibration,222,518,4.0,10,10,87.83783783783784,95.04504504504504,95.94594594594594,195,211,213,0.7681069374084473
100,calibration,222,518,6.0,10,10,87.38738738738738,94.5945945945946,95.94594594594594,194,210,213,0.8252087235450745
100,calibration,222,518,8.0,10,10,87.38738738738738,94.14414414414415,95.94594594594594,194,209,213,0.8589109778404236
100,calibration,222,518,10.0,10,10,86.93693693693693,94.14414414414415,95.94594594594594,193,209,213,0.8813435435295105
100,calibration,222,518,0.5,20,10,82.88288288288288,94.14414414414415,95.94594594594594,184,209,213,0.358639121055603
100,calibration,222,518,1.0,20,10,85.13513513513513,94.5945945945946,96.3963963963964,189,210,214,0.5023970603942871
100,calibration,222,518,1.5,20,10,85.58558558558559,94.5945945945946,96.84684684684684,190,210,215,0.5877648591995239
100,calibration,222,518,2.0,20,10,87.83783783783784,94.14414414414415,96.84684684684684,195,209,215,0.6457453370094299
100,calibration,222,518,3.0,20,10,87.83783783783784,94.5945945945946,96.84684684684684,195,210,215,0.720840334892273
100,calibration,222,518,4.0,20,10,87.83783783783784,93.69369369369369,96.84684684684684,195,208,215,0.7681069374084473
100,calibration,222,518,6.0,20,10,87.38738738738738,94.14414414414415,96.84684684684684,194,209,215,0.8252087235450745
100,calibration,222,518,8.0,20,10,87.38738738738738,95.04504504504504,96.84684684684684,194,211,215,0.8589109778404236
100,calibration,222,518,10.0,20,10,86.93693693693693,95.04504504504504,96.84684684684684,193,211,215,0.8813435435295105
100,calibration,222,518,0.5,50,10,82.43243243243244,92.7927927927928,95.4954954954955,183,206,212,0.358639121055603
100,calibration,222,518,1.0,50,10,85.13513513513513,93.69369369369369,95.94594594594594,189,208,213,0.5023970603942871
100,calibration,222,518,1.5,50,10,85.58558558558559,94.14414414414415,95.94594594594594,190,209,213,0.5877648591995239
100,calibration,222,518,2.0,50,10,87.83783783783784,93.24324324324324,96.3963963963964,195,207,214,0.6457453370094299
100,calibration,222,518,3.0,50,10,87.83783783783784,94.14414414414415,96.84684684684684,195,209,215,0.720840334892273
100,calibration,222,518,4.0,50,10,87.83783783783784,93.69369369369369,96.3963963963964,195,208,214,0.7681069374084473
100,calibration,222,518,6.0,50,10,87.38738738738738,94.14414414414415,96.3963963963964,194,209,214,0.8252087235450745
100,calibration,222,518,8.0,50,10,87.38738738738738,94.5945945945946,96.84684684684684,194,210,215,0.8589109778404236
100,calibration,222,518,10.0,50,10,86.93693693693693,94.5945945945946,96.84684684684684,193,210,215,0.8813435435295105
100,calibration,222,518,0.5,100,10,81.98198198198197,92.7927927927928,94.14414414414415,182,206,209,0.358639121055603
100,calibration,222,518,1.0,100,10,85.13513513513513,93.69369369369369,95.04504504504504,189,208,211,0.5023970603942871
100,calibration,222,518,1.5,100,10,85.58558558558559,94.14414414414415,95.94594594594594,190,209,213,0.5877648591995239
100,calibration,222,518,2.0,100,10,87.83783783783784,93.24324324324324,96.3963963963964,195,207,214,0.6457453370094299
100,calibration,222,518,3.0,100,10,87.83783783783784,94.14414414414415,96.84684684684684,195,209,215,0.720840334892273
100,calibration,222,518,4.0,100,10,87.83783783783784,93.69369369369369,96.3963963963964,195,208,214,0.7681069374084473
100,calibration,222,518,6.0,100,10,87.38738738738738,94.14414414414415,96.3963963963964,194,209,214,0.8252087235450745
100,calibration,222,518,8.0,100,10,87.38738738738738,94.5945945945946,96.84684684684684,194,210,215,0.8589109778404236
100,calibration,222,518,10.0,100,10,86.93693693693693,94.5945945945946,96.84684684684684,193,210,215,0.8813435435295105
