Dataset,Split,Uncertainty_axis,Coverage,n_kept,mean_uncertainty_kept,rho,candidate_pool,uncertainty_k,mean_LU_full,mean_SU_full,mean_alpha_full,B1 visual-only_R@1,B1 visual-only_risk,B2 fixed fusion_R@1,B2 fixed fusion_risk,V1 sigmoid+threshold_R@1,V1 sigmoid+threshold_risk,V2 calibrated precision_R@1,V2 calibrated precision_risk
AmsterTime,full,LU,0.05,62,0.8001940846443176,3.0,10,10,0.901530385017395,0.7286254167556763,0.7169834971427917,58.06451612903226,41.93548387096774,62.903225806451616,37.096774193548384,62.903225806451616,37.096774193548384,62.903225806451616,37.096774193548384
AmsterTime,full,LU,0.1,124,0.8208422660827637,3.0,10,10,0.901530385017395,0.7286254167556763,0.7169834971427917,52.41935483870967,47.58064516129033,56.451612903225815,43.548387096774185,56.451612903225815,43.548387096774185,57.25806451612904,42.74193548387096
AmsterTime,full,LU,0.2,247,0.8413944840431213,3.0,10,10,0.901530385017395,0.7286254167556763,0.7169834971427917,49.797570850202426,50.202429149797574,50.20242914979757,49.79757085020243,50.20242914979757,49.79757085020243,51.417004048582996,48.582995951417004
AmsterTime,full,LU,0.3,370,0.8544473052024841,3.0,10,10,0.901530385017395,0.7286254167556763,0.7169834971427917,48.64864864864865,51.35135135135135,49.45945945945946,50.54054054054054,48.37837837837838,51.62162162162162,49.72972972972973,50.27027027027027
AmsterTime,full,LU,0.4,493,0.864368736743927,3.0,10,10,0.901530385017395,0.7286254167556763,0.7169834971427917,47.46450304259635,52.53549695740365,46.85598377281947,53.14401622718053,46.65314401622718,53.34685598377282,48.6815415821501,51.3184584178499
AmsterTime,full,LU,0.5,616,0.8721352815628052,3.0,10,10,0.901530385017395,0.7286254167556763,0.7169834971427917,44.8051948051948,55.1948051948052,45.12987012987013,54.87012987012987,44.31818181818182,55.68181818181818,46.42857142857143,53.57142857142857
AmsterTime,full,LU,0.6,739,0.878858745098114,3.0,10,10,0.901530385017395,0.7286254167556763,0.7169834971427917,44.79025710419486,55.20974289580514,44.79025710419486,55.20974289580514,44.65493910690122,55.34506089309878,46.14343707713126,53.85656292286874
AmsterTime,full,LU,0.7,862,0.8849477171897888,3.0,10,10,0.901530385017395,0.7286254167556763,0.7169834971427917,45.47563805104408,54.52436194895592,44.895591647331784,55.104408352668216,45.127610208816705,54.872389791183295,46.51972157772622,53.48027842227378
AmsterTime,full,LU,0.8,985,0.8905171751976013,3.0,10,10,0.901530385017395,0.7286254167556763,0.7169834971427917,45.17766497461929,54.82233502538071,45.076142131979694,54.923857868020306,44.9746192893401,55.0253807106599,46.09137055837563,53.90862944162437
AmsterTime,full,LU,0.9,1108,0.8958361148834229,3.0,10,10,0.901530385017395,0.7286254167556763,0.7169834971427917,44.22382671480145,55.77617328519855,44.13357400722022,55.86642599277978,44.04332129963899,55.95667870036101,45.30685920577617,54.69314079422383
AmsterTime,full,LU,1.0,1231,0.901530385017395,3.0,10,10,0.901530385017395,0.7286254167556763,0.7169834971427917,43.46060113728676,56.53939886271324,43.623070674248574,56.376929325751426,43.21689683184403,56.78310316815597,44.35418359057677,55.64581640942323
AmsterTime,full,SU,0.05,62,0.39173370599746704,3.0,10,10,0.901530385017395,0.7286254167556763,0.7169834971427917,95.16129032258065,4.838709677419345,95.16129032258065,4.838709677419345,95.16129032258065,4.838709677419345,93.54838709677419,6.451612903225808
AmsterTime,full,SU,0.1,124,0.4359365701675415,3.0,10,10,0.901530385017395,0.7286254167556763,0.7169834971427917,92.74193548387096,7.258064516129039,91.93548387096774,8.064516129032256,92.74193548387096,7.258064516129039,92.74193548387096,7.258064516129039
AmsterTime,full,SU,0.2,247,0.4989622235298157,3.0,10,10,0.901530385017395,0.7286254167556763,0.7169834971427917,88.25910931174089,11.740890688259114,86.63967611336032,13.360323886639677,87.85425101214574,12.145748987854262,87.85425101214574,12.145748987854262
AmsterTime,full,SU,0.3,370,0.5449696183204651,3.0,10,10,0.901530385017395,0.7286254167556763,0.7169834971427917,82.70270270270271,17.29729729729729,80.8108108108108,19.189189189189193,82.43243243243244,17.567567567567565,81.89189189189189,18.108108108108112
AmsterTime,full,SU,0.4,493,0.5819986462593079,3.0,10,10,0.901530385017395,0.7286254167556763,0.7169834971427917,74.4421906693712,25.5578093306288,73.02231237322515,26.977687626774852,74.0365111561866,25.963488843813394,74.0365111561866,25.963488843813394
AmsterTime,full,SU,0.5,616,0.6132423281669617,3.0,10,10,0.901530385017395,0.7286254167556763,0.7169834971427917,66.88311688311688,33.116883116883116,65.25974025974025,34.740259740259745,66.3961038961039,33.603896103896105,66.72077922077922,33.27922077922078
AmsterTime,full,SU,0.6,739,0.6409342885017395,3.0,10,10,0.901530385017395,0.7286254167556763,0.7169834971427917,61.299052774018946,38.700947225981054,59.67523680649527,40.32476319350473,61.02841677943166,38.97158322056834,61.02841677943166,38.97158322056834
AmsterTime,full,SU,0.7,862,0.6653273105621338,3.0,10,10,0.901530385017395,0.7286254167556763,0.7169834971427917,56.496519721577734,43.503480278422266,55.33642691415314,44.66357308584686,56.148491879350345,43.851508120649655,56.61252900232019,43.38747099767981
AmsterTime,full,SU,0.8,985,0.6876255869865417,3.0,10,10,0.901530385017395,0.7286254167556763,0.7169834971427917,51.675126903553306,48.324873096446694,50.76142131979695,49.23857868020305,51.5736040609137,48.4263959390863,51.878172588832484,48.121827411167516
AmsterTime,full,SU,0.9,1108,0.7080357074737549,3.0,10,10,0.901530385017395,0.7286254167556763,0.7169834971427917,47.11191335740072,52.88808664259928,47.021660649819495,52.978339350180505,47.021660649819495,52.978339350180505,47.74368231046932,52.25631768953068
AmsterTime,full,SU,1.0,1231,0.7286254167556763,3.0,10,10,0.901530385017395,0.7286254167556763,0.7169834971427917,43.46060113728676,56.53939886271324,43.623070674248574,56.376929325751426,43.21689683184403,56.78310316815597,44.35418359057677,55.64581640942323
AmsterTime,full,joint_variance,0.05,62,0.3632163107395172,3.0,10,10,0.901530385017395,0.7286254167556763,0.7169834971427917,91.93548387096774,8.064516129032256,90.32258064516128,9.677419354838719,90.32258064516128,9.677419354838719,90.32258064516128,9.677419354838719
AmsterTime,full,joint_variance,0.1,124,0.4868161976337433,3.0,10,10,0.901530385017395,0.7286254167556763,0.7169834971427917,83.87096774193549,16.129032258064512,83.06451612903226,16.935483870967744,83.87096774193549,16.129032258064512,83.06451612903226,16.935483870967744
AmsterTime,full,joint_variance,0.2,247,0.6902309060096741,3.0,10,10,0.901530385017395,0.7286254167556763,0.7169834971427917,74.49392712550608,25.506072874493924,74.49392712550608,25.506072874493924,75.30364372469636,24.696356275303643,74.89878542510121,25.10121457489879
AmsterTime,full,joint_variance,0.3,370,0.8443529009819031,3.0,10,10,0.901530385017395,0.7286254167556763,0.7169834971427917,71.62162162162163,28.378378378378372,69.1891891891892,30.810810810810807,70.8108108108108,29.189189189189193,71.08108108108108,28.91891891891892
AmsterTime,full,joint_variance,0.4,493,0.9707689881324768,3.0,10,10,0.901530385017395,0.7286254167556763,0.7169834971427917,68.35699797160242,31.643002028397575,65.92292089249493,34.07707910750507,67.95131845841786,32.04868154158214,68.15415821501014,31.845841784989858
AmsterTime,full,joint_variance,0.5,616,1.082073450088501,3.0,10,10,0.901530385017395,0.7286254167556763,0.7169834971427917,60.87662337662337,39.12337662337663,60.55194805194806,39.44805194805194,61.038961038961034,38.961038961038966,62.01298701298701,37.98701298701299
AmsterTime,full,joint_variance,0.6,739,1.1812721490859985,3.0,10,10,0.901530385017395,0.7286254167556763,0.7169834971427917,57.1041948579161,42.8958051420839,56.968876860622466,43.031123139377534,57.1041948579161,42.8958051420839,57.91610284167794,42.08389715832206
AmsterTime,full,joint_variance,0.7,862,1.2797240018844604,3.0,10,10,0.901530385017395,0.7286254167556763,0.7169834971427917,53.7122969837587,46.2877030162413,53.36426914153132,46.63573085846868,53.596287703016245,46.403712296983755,54.872389791183295,45.127610208816705
AmsterTime,full,joint_variance,0.8,985,1.3799138069152832,3.0,10,10,0.901530385017395,0.7286254167556763,0.7169834971427917,50.25380710659898,49.74619289340102,49.746192893401016,50.253807106598984,50.15228426395939,49.84771573604061,51.16751269035533,48.83248730964467
AmsterTime,full,joint_variance,0.9,1108,1.4830701351165771,3.0,10,10,0.901530385017395,0.7286254167556763,0.7169834971427917,46.75090252707581,53.24909747292419,46.66064981949459,53.33935018050541,46.48014440433213,53.51985559566787,47.65342960288809,52.34657039711191
AmsterTime,full,joint_variance,1.0,1231,1.609012484550476,3.0,10,10,0.901530385017395,0.7286254167556763,0.7169834971427917,43.46060113728676,56.53939886271324,43.623070674248574,56.376929325751426,43.21689683184403,56.78310316815597,44.35418359057677,55.64581640942323
MSLS-val held-out,heldout,LU,0.05,26,0.8166406154632568,3.0,10,10,0.9160003662109375,0.7153035402297974,0.723717212677002,92.3076923076923,7.692307692307693,100.0,0.0,96.15384615384616,3.8461538461538396,100.0,0.0
MSLS-val held-out,heldout,LU,0.1,52,0.8389074802398682,3.0,10,10,0.9160003662109375,0.7153035402297974,0.723717212677002,88.46153846153845,11.538461538461547,94.23076923076923,5.769230769230774,92.3076923076923,7.692307692307693,94.23076923076923,5.769230769230774
MSLS-val held-out,heldout,LU,0.2,104,0.8616943359375,3.0,10,10,0.9160003662109375,0.7153035402297974,0.723717212677002,85.57692307692307,14.423076923076934,87.5,12.5,86.53846153846155,13.461538461538453,87.5,12.5
MSLS-val held-out,heldout,LU,0.3,156,0.8740905523300171,3.0,10,10,0.9160003662109375,0.7153035402297974,0.723717212677002,87.17948717948718,12.820512820512818,87.82051282051282,12.179487179487182,87.82051282051282,12.179487179487182,88.46153846153845,11.538461538461547
MSLS-val held-out,heldout,LU,0.4,208,0.8827190399169922,3.0,10,10,0.9160003662109375,0.7153035402297974,0.723717212677002,85.57692307692307,14.423076923076934,86.0576923076923,13.942307692307693,86.0576923076923,13.942307692307693,86.53846153846155,13.461538461538453
MSLS-val held-out,heldout,LU,0.5,259,0.8895668983459473,3.0,10,10,0.9160003662109375,0.7153035402297974,0.723717212677002,86.10038610038609,13.899613899613911,86.48648648648648,13.513513513513516,86.48648648648648,13.513513513513516,86.48648648648648,13.513513513513516
MSLS-val held-out,heldout,LU,0.6,311,0.8955931663513184,3.0,10,10,0.9160003662109375,0.7153035402297974,0.723717212677002,84.2443729903537,15.755627009646304,84.2443729903537,15.755627009646304,85.20900321543408,14.79099678456592,84.2443729903537,15.755627009646304
MSLS-val held-out,heldout,LU,0.7,363,0.9009484052658081,3.0,10,10,0.9160003662109375,0.7153035402297974,0.723717212677002,84.29752066115702,15.702479338842977,84.57300275482093,15.426997245179066,85.12396694214877,14.876033057851231,84.84848484848484,15.151515151515156
MSLS-val held-out,heldout,LU,0.8,415,0.9059098362922668,3.0,10,10,0.9160003662109375,0.7153035402297974,0.723717212677002,84.09638554216868,15.903614457831324,84.81927710843374,15.180722891566262,85.06024096385542,14.93975903614458,85.06024096385542,14.93975903614458
MSLS-val held-out,heldout,LU,0.9,467,0.9107568264007568,3.0,10,10,0.9160003662109375,0.7153035402297974,0.723717212677002,84.36830835117773,15.631691648822269,85.01070663811564,14.989293361884364,85.22483940042827,14.775160599571734,85.22483940042827,14.775160599571734
MSLS-val held-out,heldout,LU,1.0,518,0.9160003662109375,3.0,10,10,0.9160003662109375,0.7153035402297974,0.723717212677002,84.74903474903475,15.250965250965251,84.74903474903475,15.250965250965251,85.52123552123551,14.47876447876449,85.32818532818533,14.671814671814673
MSLS-val held-out,heldout,SU,0.05,26,0.3859610855579376,3.0,10,10,0.9160003662109375,0.7153035402297974,0.723717212677002,100.0,0.0,100.0,0.0,100.0,0.0,100.0,0.0
MSLS-val held-out,heldout,SU,0.1,52,0.4272673726081848,3.0,10,10,0.9160003662109375,0.7153035402297974,0.723717212677002,100.0,0.0,100.0,0.0,100.0,0.0,100.0,0.0
MSLS-val held-out,heldout,SU,0.2,104,0.4801061451435089,3.0,10,10,0.9160003662109375,0.7153035402297974,0.723717212677002,99.03846153846155,0.9615384615384528,99.03846153846155,0.9615384615384528,99.03846153846155,0.9615384615384528,99.03846153846155,0.9615384615384528
MSLS-val held-out,heldout,SU,0.3,156,0.5235149264335632,3.0,10,10,0.9160003662109375,0.7153035402297974,0.723717212677002,97.43589743589743,2.564102564102569,97.43589743589743,2.564102564102569,97.43589743589743,2.564102564102569,97.43589743589743,2.564102564102569
MSLS-val held-out,heldout,SU,0.4,208,0.5592184662818909,3.0,10,10,0.9160003662109375,0.7153035402297974,0.723717212677002,98.07692307692307,1.923076923076934,98.07692307692307,1.923076923076934,98.07692307692307,1.923076923076934,98.07692307692307,1.923076923076934
MSLS-val held-out,heldout,SU,0.5,259,0.5907526612281799,3.0,10,10,0.9160003662109375,0.7153035402297974,0.723717212677002,96.13899613899613,3.8610038610038657,96.13899613899613,3.8610038610038657,95.75289575289575,4.247104247104247,96.52509652509652,3.474903474903485
MSLS-val held-out,heldout,SU,0.6,311,0.6183188557624817,3.0,10,10,0.9160003662109375,0.7153035402297974,0.723717212677002,95.81993569131832,4.180064308681679,95.4983922829582,4.501607717041793,95.4983922829582,4.501607717041793,96.14147909967846,3.858520900321537
MSLS-val held-out,heldout,SU,0.7,363,0.6438488364219666,3.0,10,10,0.9160003662109375,0.7153035402297974,0.723717212677002,95.0413223140496,4.958677685950406,94.49035812672176,5.509641873278241,94.76584022038568,5.234159779614316,95.59228650137742,4.407713498622584
MSLS-val held-out,heldout,SU,0.8,415,0.6679180264472961,3.0,10,10,0.9160003662109375,0.7153035402297974,0.723717212677002,92.28915662650601,7.7108433734939865,91.56626506024097,8.433734939759034,92.04819277108433,7.951807228915669,92.7710843373494,7.228915662650607
MSLS-val held-out,heldout,SU,0.9,467,0.691603422164917,3.0,10,10,0.9160003662109375,0.7153035402297974,0.723717212677002,89.72162740899357,10.27837259100643,89.07922912205566,10.920770877944335,89.93576017130621,10.064239828693786,90.36402569593149,9.635974304068512
MSLS-val held-out,heldout,SU,1.0,518,0.7153035998344421,3.0,10,10,0.9160003662109375,0.7153035402297974,0.723717212677002,84.74903474903475,15.250965250965251,84.74903474903475,15.250965250965251,85.52123552123551,14.47876447876449,85.32818532818533,14.671814671814673
MSLS-val held-out,heldout,joint_variance,0.05,26,0.3059397339820862,3.0,10,10,0.9160003662109375,0.7153035402297974,0.723717212677002,100.0,0.0,100.0,0.0,100.0,0.0,100.0,0.0
MSLS-val held-out,heldout,joint_variance,0.1,52,0.45359376072883606,3.0,10,10,0.9160003662109375,0.7153035402297974,0.723717212677002,98.07692307692307,1.923076923076934,98.07692307692307,1.923076923076934,98.07692307692307,1.923076923076934,98.07692307692307,1.923076923076934
MSLS-val held-out,heldout,joint_variance,0.2,104,0.6471936106681824,3.0,10,10,0.9160003662109375,0.7153035402297974,0.723717212677002,97.11538461538461,2.884615384615387,97.11538461538461,2.884615384615387,97.11538461538461,2.884615384615387,97.11538461538461,2.884615384615387
MSLS-val held-out,heldout,joint_variance,0.3,156,0.8051121234893799,3.0,10,10,0.9160003662109375,0.7153035402297974,0.723717212677002,97.43589743589743,2.564102564102569,97.43589743589743,2.564102564102569,97.43589743589743,2.564102564102569,97.43589743589743,2.564102564102569
MSLS-val held-out,heldout,joint_variance,0.4,208,0.9329458475112915,3.0,10,10,0.9160003662109375,0.7153035402297974,0.723717212677002,94.71153846153845,5.288461538461547,95.1923076923077,4.807692307692307,94.23076923076923,5.769230769230774,95.67307692307693,4.326923076923066
MSLS-val held-out,heldout,joint_variance,0.5,259,1.0427696704864502,3.0,10,10,0.9160003662109375,0.7153035402297974,0.723717212677002,93.43629343629344,6.56370656370656,94.98069498069498,5.019305019305023,94.20849420849422,5.791505791505784,94.98069498069498,5.019305019305023
MSLS-val held-out,heldout,joint_variance,0.6,311,1.1453498601913452,3.0,10,10,0.9160003662109375,0.7153035402297974,0.723717212677002,92.92604501607717,7.073954983922832,93.89067524115757,6.109324758842433,93.2475884244373,6.752411575562704,94.53376205787781,5.466237942122191
MSLS-val held-out,heldout,joint_variance,0.7,363,1.2562392950057983,3.0,10,10,0.9160003662109375,0.7153035402297974,0.723717212677002,91.46005509641874,8.539944903581258,91.73553719008265,8.264462809917347,91.73553719008265,8.264462809917347,92.56198347107438,7.4380165289256155
MSLS-val held-out,heldout,joint_variance,0.8,415,1.3666318655014038,3.0,10,10,0.9160003662109375,0.7153035402297974,0.723717212677002,89.1566265060241,10.843373493975903,89.39759036144578,10.60240963855422,89.39759036144578,10.60240963855422,90.12048192771084,9.879518072289159
MSLS-val held-out,heldout,joint_variance,0.9,467,1.476786494255066,3.0,10,10,0.9160003662109375,0.7153035402297974,0.723717212677002,87.15203426124198,12.84796573875802,86.7237687366167,13.276231263383295,87.79443254817987,12.20556745182013,87.15203426124198,12.84796573875802
MSLS-val held-out,heldout,joint_variance,1.0,518,1.6072770357131958,3.0,10,10,0.9160003662109375,0.7153035402297974,0.723717212677002,84.74903474903475,15.250965250965251,84.74903474903475,15.250965250965251,85.52123552123551,14.47876447876449,85.32818532818533,14.671814671814673
Nordland-clean,full,LU,0.05,20,0.7616593837738037,3.0,10,10,0.895315408706665,0.8055589199066162,0.7124812602996826,50.0,50.0,40.0,60.0,50.0,50.0,45.0,55.0
Nordland-clean,full,LU,0.1,40,0.7803736925125122,3.0,10,10,0.895315408706665,0.8055589199066162,0.7124812602996826,55.00000000000001,44.99999999999999,42.5,57.5,52.5,47.5,47.5,52.5
Nordland-clean,full,LU,0.2,80,0.804460883140564,3.0,10,10,0.895315408706665,0.8055589199066162,0.7124812602996826,48.75,51.25,41.25,58.75,48.75,51.25,48.75,51.25
Nordland-clean,full,LU,0.3,120,0.8234987854957581,3.0,10,10,0.895315408706665,0.8055589199066162,0.7124812602996826,55.00000000000001,44.99999999999999,45.0,55.0,52.5,47.5,50.83333333333333,49.16666666666667
Nordland-clean,full,LU,0.4,160,0.8372852206230164,3.0,10,10,0.895315408706665,0.8055589199066162,0.7124812602996826,52.5,47.5,43.75,56.25,50.625,49.375,48.125,51.875
Nordland-clean,full,LU,0.5,200,0.8490118384361267,3.0,10,10,0.895315408706665,0.8055589199066162,0.7124812602996826,51.0,49.0,44.5,55.5,50.5,49.5,48.0,52.0
Nordland-clean,full,LU,0.6,240,0.8593557476997375,3.0,10,10,0.895315408706665,0.8055589199066162,0.7124812602996826,52.083333333333336,47.916666666666664,45.0,55.0,52.5,47.5,49.166666666666664,50.833333333333336
Nordland-clean,full,LU,0.7,280,0.8686196208000183,3.0,10,10,0.895315408706665,0.8055589199066162,0.7124812602996826,54.64285714285714,45.35714285714286,47.85714285714286,52.14285714285714,55.00000000000001,44.99999999999999,52.142857142857146,47.857142857142854
Nordland-clean,full,LU,0.8,320,0.8773519396781921,3.0,10,10,0.895315408706665,0.8055589199066162,0.7124812602996826,55.625,44.375,48.4375,51.5625,55.93749999999999,44.06250000000001,53.125,46.875
Nordland-clean,full,LU,0.9,360,0.8861895203590393,3.0,10,10,0.895315408706665,0.8055589199066162,0.7124812602996826,55.27777777777778,44.72222222222222,47.5,52.5,55.55555555555556,44.44444444444444,52.77777777777778,47.22222222222222
Nordland-clean,full,LU,1.0,400,0.895315408706665,3.0,10,10,0.895315408706665,0.8055589199066162,0.7124812602996826,52.75,47.25,45.75,54.25,53.0,47.0,50.5,49.5
Nordland-clean,full,SU,0.05,20,0.5402199625968933,3.0,10,10,0.895315408706665,0.8055589199066162,0.7124812602996826,70.0,30.0,70.0,30.0,70.0,30.0,70.0,30.0
Nordland-clean,full,SU,0.1,40,0.5829547643661499,3.0,10,10,0.895315408706665,0.8055589199066162,0.7124812602996826,72.5,27.5,72.5,27.5,72.5,27.5,72.5,27.5
Nordland-clean,full,SU,0.2,80,0.636773407459259,3.0,10,10,0.895315408706665,0.8055589199066162,0.7124812602996826,71.25,28.75,67.5,32.5,71.25,28.75,71.25,28.75
Nordland-clean,full,SU,0.3,120,0.6725009679794312,3.0,10,10,0.895315408706665,0.8055589199066162,0.7124812602996826,73.33333333333333,26.66666666666667,66.66666666666666,33.33333333333334,73.33333333333333,26.66666666666667,71.66666666666667,28.33333333333333
Nordland-clean,full,SU,0.4,160,0.7002346515655518,3.0,10,10,0.895315408706665,0.8055589199066162,0.7124812602996826,74.375,25.625,67.5,32.5,74.375,25.625,72.5,27.5
Nordland-clean,full,SU,0.5,200,0.7228535413742065,3.0,10,10,0.895315408706665,0.8055589199066162,0.7124812602996826,69.5,30.5,63.0,37.0,70.0,30.0,68.0,32.0
Nordland-clean,full,SU,0.6,240,0.7424874901771545,3.0,10,10,0.895315408706665,0.8055589199066162,0.7124812602996826,65.41666666666667,34.58333333333333,58.75,41.25,66.25,33.75,63.74999999999999,36.25000000000001
Nordland-clean,full,SU,0.7,280,0.7604761719703674,3.0,10,10,0.895315408706665,0.8055589199066162,0.7124812602996826,61.42857142857143,38.57142857142857,54.64285714285714,45.35714285714286,62.857142857142854,37.142857142857146,60.71428571428571,39.28571428571429
Nordland-clean,full,SU,0.8,320,0.7761451601982117,3.0,10,10,0.895315408706665,0.8055589199066162,0.7124812602996826,55.3125,44.6875,50.0,50.0,56.875,43.125,55.3125,44.6875
Nordland-clean,full,SU,0.9,360,0.7906224727630615,3.0,10,10,0.895315408706665,0.8055589199066162,0.7124812602996826,54.72222222222223,45.27777777777777,48.05555555555556,51.94444444444444,55.00000000000001,44.99999999999999,52.77777777777778,47.22222222222222
Nordland-clean,full,SU,1.0,400,0.8055589199066162,3.0,10,10,0.895315408706665,0.8055589199066162,0.7124812602996826,52.75,47.25,45.75,54.25,53.0,47.0,50.5,49.5
Nordland-clean,full,joint_variance,0.05,20,0.4090188443660736,3.0,10,10,0.895315408706665,0.8055589199066162,0.7124812602996826,55.00000000000001,44.99999999999999,45.0,55.0,55.00000000000001,44.99999999999999,55.00000000000001,44.99999999999999
Nordland-clean,full,joint_variance,0.1,40,0.5564688444137573,3.0,10,10,0.895315408706665,0.8055589199066162,0.7124812602996826,60.0,40.0,55.00000000000001,44.99999999999999,65.0,35.0,57.49999999999999,42.50000000000001
Nordland-clean,full,joint_variance,0.2,80,0.7445999383926392,3.0,10,10,0.895315408706665,0.8055589199066162,0.7124812602996826,66.25,33.75,58.75,41.25,66.25,33.75,62.5,37.5
Nordland-clean,full,joint_variance,0.3,120,0.8868541717529297,3.0,10,10,0.895315408706665,0.8055589199066162,0.7124812602996826,67.5,32.5,61.66666666666667,38.33333333333333,68.33333333333333,31.66666666666667,65.0,35.0
Nordland-clean,full,joint_variance,0.4,160,1.0001236200332642,3.0,10,10,0.895315408706665,0.8055589199066162,0.7124812602996826,65.625,34.375,58.12500000000001,41.87499999999999,65.0,35.0,62.5,37.5
Nordland-clean,full,joint_variance,0.5,200,1.1008307933807373,3.0,10,10,0.895315408706665,0.8055589199066162,0.7124812602996826,63.5,36.5,57.99999999999999,42.00000000000001,64.0,36.0,62.5,37.5
Nordland-clean,full,joint_variance,0.6,240,1.1913070678710938,3.0,10,10,0.895315408706665,0.8055589199066162,0.7124812602996826,60.83333333333333,39.16666666666667,55.00000000000001,44.99999999999999,60.83333333333333,39.16666666666667,58.75,41.25
Nordland-clean,full,joint_variance,0.7,280,1.2780295610427856,3.0,10,10,0.895315408706665,0.8055589199066162,0.7124812602996826,59.285714285714285,40.714285714285715,52.5,47.5,58.92857142857143,41.07142857142857,57.14285714285714,42.85714285714286
Nordland-clean,full,joint_variance,0.8,320,1.3713855743408203,3.0,10,10,0.895315408706665,0.8055589199066162,0.7124812602996826,57.8125,42.1875,50.9375,49.0625,58.12500000000001,41.87499999999999,55.93749999999999,44.06250000000001
Nordland-clean,full,joint_variance,0.9,360,1.4795912504196167,3.0,10,10,0.895315408706665,0.8055589199066162,0.7124812602996826,56.666666666666664,43.333333333333336,48.888888888888886,51.111111111111114,56.94444444444444,43.05555555555556,54.72222222222223,45.27777777777777
Nordland-clean,full,joint_variance,1.0,400,1.6114038228988647,3.0,10,10,0.895315408706665,0.8055589199066162,0.7124812602996826,52.75,47.25,45.75,54.25,53.0,47.0,50.5,49.5
